Account System,Constituent,Lookup ID,Last/org/group/household name,First Name,Middle Name,Title,Suffix,Address,City,State,Zip,Country,Phone Number,Email Address,Amount,Date,Revenue Type,Payment Method,Inbound Channel,Application,Appeal,Designation,GL Post Status,Card Type,Gift Type,Tribute Last Name,Tribute,Temple Name,Organization,Temple recognition credit type
SHC Account,,,,,,,,,,,,,,jpompe@classy.org,0.00,01/27/2017,payment,,INBOUND_CHANNEL_PLACEHOLDER,APPLICATION_PLACEHOLDER,2nd Annual National Kickball Championship Presented by VAVi Sport & Social Club ,,Do Not Post,,Standard,,TRIBUTE PLACE HOLDER,,ORGANIZATION PLACE HOLDER,
SHC Account,,,,,,,,,,,,,,jpompe@classy.org,0.00,01/27/2017,payment,,INBOUND_CHANNEL_PLACEHOLDER,APPLICATION_PLACEHOLDER,"Hunter's Fight Duathlon/Triathlon Sponsored by RuckPack and 4GR8 TEES      ",,Do Not Post,,Standard,,TRIBUTE PLACE HOLDER,,ORGANIZATION PLACE HOLDER,
SHC Account,,,,,,,,,,,,,,jpompe@classy.org,0.00,01/27/2017,payment,,INBOUND_CHANNEL_PLACEHOLDER,APPLICATION_PLACEHOLDER,5th Annual StayClassy PB Pub Crawl,,Do Not Post,,Standard,,TRIBUTE PLACE HOLDER,,ORGANIZATION PLACE HOLDER,
SHC Account,,,,,,,,,,,,,,jpompe@classy.org,0.00,01/27/2017,payment,,INBOUND_CHANNEL_PLACEHOLDER,APPLICATION_PLACEHOLDER,Stay Classy Tailgate,,Do Not Post,,Standard,,TRIBUTE PLACE HOLDER,,ORGANIZATION PLACE HOLDER,
SHC Account,,,,,,,,,,,,,,jpompe@classy.org,0.00,01/27/2017,payment,,INBOUND_CHANNEL_PLACEHOLDER,APPLICATION_PLACEHOLDER,5th Annual StayClassy PB Pub Crawl,,Do Not Post,,Standard,,TRIBUTE PLACE HOLDER,,ORGANIZATION PLACE HOLDER,
SHC Account,,,,,,,,,,,,,,jpompe@classy.org,0.00,01/27/2017,payment,,INBOUND_CHANNEL_PLACEHOLDER,APPLICATION_PLACEHOLDER,2nd Annual National Kickball Championship Presented by VAVi Sport & Social Club ,,Do Not Post,,Standard,,TRIBUTE PLACE HOLDER,,ORGANIZATION PLACE HOLDER,
SHC Account,,,,,,,,,,,,,,jpompe@classy.org,0.00,01/27/2017,payment,,INBOUND_CHANNEL_PLACEHOLDER,APPLICATION_PLACEHOLDER,"Hunter's Fight Duathlon/Triathlon Sponsored by RuckPack and 4GR8 TEES      ",,Do Not Post,,Standard,,TRIBUTE PLACE HOLDER,,ORGANIZATION PLACE HOLDER,
SHC Account,,,,,,,,,,,,,,jpompe@classy.org,0.00,01/27/2017,payment,,INBOUND_CHANNEL_PLACEHOLDER,APPLICATION_PLACEHOLDER,Stay Classy Tailgate,,Do Not Post,,Standard,,TRIBUTE PLACE HOLDER,,ORGANIZATION PLACE HOLDER,
SHC Account,,,,,,,,,,,,,,jpompe@classy.org,0.00,01/27/2017,payment,,INBOUND_CHANNEL_PLACEHOLDER,APPLICATION_PLACEHOLDER,"Hunter's Fight Duathlon/Triathlon Sponsored by RuckPack and 4GR8 TEES      ",,Do Not Post,,Standard,,TRIBUTE PLACE HOLDER,,ORGANIZATION PLACE HOLDER,
SHC Account,,,,,,,,,,,,,,jpompe@classy.org,0.00,01/27/2017,payment,,INBOUND_CHANNEL_PLACEHOLDER,APPLICATION_PLACEHOLDER,Rock and Roll Happy Time,,Do Not Post,,Standard,,TRIBUTE PLACE HOLDER,,ORGANIZATION PLACE HOLDER,
SHC Account,,,,,,,,,,,,,,jpompe@classy.org,0.00,01/27/2017,payment,,INBOUND_CHANNEL_PLACEHOLDER,APPLICATION_PLACEHOLDER,5th Annual StayClassy PB Pub Crawl,,Do Not Post,,Standard,,TRIBUTE PLACE HOLDER,,ORGANIZATION PLACE HOLDER,
SHC Account,,,,,,,,,,,,,,jpompe@classy.org,0.00,01/27/2017,payment,,INBOUND_CHANNEL_PLACEHOLDER,APPLICATION_PLACEHOLDER,5th Annual StayClassy PB Pub Crawl,,Do Not Post,,Standard,,TRIBUTE PLACE HOLDER,,ORGANIZATION PLACE HOLDER,
SHC Account,,,,,,,,,,,,,,jpompe@classy.org,0.00,01/27/2017,payment,,INBOUND_CHANNEL_PLACEHOLDER,APPLICATION_PLACEHOLDER,Stay Classy Tailgate,,Do Not Post,,Standard,,TRIBUTE PLACE HOLDER,,ORGANIZATION PLACE HOLDER,
SHC Account,,,,,,,,,,,,,,jpompe@classy.org,0.00,01/27/2017,payment,,INBOUND_CHANNEL_PLACEHOLDER,APPLICATION_PLACEHOLDER,Rock and Roll Happy Time,,Do Not Post,,Standard,,TRIBUTE PLACE HOLDER,,ORGANIZATION PLACE HOLDER,
SHC Account,,,,,,,,,,,,,,jpompe@classy.org,0.00,01/27/2017,payment,,INBOUND_CHANNEL_PLACEHOLDER,APPLICATION_PLACEHOLDER,Hunters Fight Duathlon/Triathlon Sponsored by RuckPack and 4GR8 TEES         ,,Do Not Post,,Standard,,TRIBUTE PLACE HOLDER,,ORGANIZATION PLACE HOLDER,
SHC Account,,,,,,,,,,,,,,jpompe@classy.org,0.00,01/27/2017,payment,,INBOUND_CHANNEL_PLACEHOLDER,APPLICATION_PLACEHOLDER,Rock and Roll Happy Time,,Do Not Post,,Standard,,TRIBUTE PLACE HOLDER,,ORGANIZATION PLACE HOLDER,
SHC Account,,,,,,,,,,,,,,jpompe@classy.org,0.00,01/27/2017,payment,,INBOUND_CHANNEL_PLACEHOLDER,APPLICATION_PLACEHOLDER,Rock and Roll Happy Time,,Do Not Post,,Standard,,TRIBUTE PLACE HOLDER,,ORGANIZATION PLACE HOLDER,
SHC Account,,,,,,,,,,,,,,jpompe@classy.org,0.00,01/27/2017,payment,,INBOUND_CHANNEL_PLACEHOLDER,APPLICATION_PLACEHOLDER,2nd Annual National Kickball Championship Presented by VAVi Sport & Social Club ,,Do Not Post,,Standard,,TRIBUTE PLACE HOLDER,,ORGANIZATION PLACE HOLDER,
SHC Account,,,,,,,,,,,,,,jpompe@classy.org,0.00,01/27/2017,payment,,INBOUND_CHANNEL_PLACEHOLDER,APPLICATION_PLACEHOLDER,Hunters Fight Duathlon/Triathlon Sponsored by RuckPack and 4GR8 TEES         ,,Do Not Post,,Standard,,TRIBUTE PLACE HOLDER,,ORGANIZATION PLACE HOLDER,
SHC Account,,,,,,,,,,,,,,jpompe@classy.org,0.00,01/27/2017,payment,,INBOUND_CHANNEL_PLACEHOLDER,APPLICATION_PLACEHOLDER,5th Annual StayClassy PB Pub Crawl,,Do Not Post,,Standard,,TRIBUTE PLACE HOLDER,,ORGANIZATION PLACE HOLDER,
SHC Account,,,,,,,,,,,,,,jpompe@classy.org,0.00,01/27/2017,payment,,INBOUND_CHANNEL_PLACEHOLDER,APPLICATION_PLACEHOLDER,Rock and Roll Happy Time,,Do Not Post,,Standard,,TRIBUTE PLACE HOLDER,,ORGANIZATION PLACE HOLDER,
SHC Account,,,,,,,,,,,,,,jpompe@classy.org,0.00,01/27/2017,payment,,INBOUND_CHANNEL_PLACEHOLDER,APPLICATION_PLACEHOLDER,Hunters Fight Duathlon/Triathlon Sponsored by RuckPack and 4GR8 TEES         ,,Do Not Post,,Standard,,TRIBUTE PLACE HOLDER,,ORGANIZATION PLACE HOLDER,
SHC Account,,,,,,,,,,,,,,jpompe@classy.org,0.00,01/27/2017,payment,,INBOUND_CHANNEL_PLACEHOLDER,APPLICATION_PLACEHOLDER,5th Annual StayClassy PB Pub Crawl,,Do Not Post,,Standard,,TRIBUTE PLACE HOLDER,,ORGANIZATION PLACE HOLDER,
SHC Account,,,,,,,,,,,,,,jpompe@classy.org,0.00,01/26/2017,payment,,INBOUND_CHANNEL_PLACEHOLDER,APPLICATION_PLACEHOLDER,Stay Classy Tailgate,,Do Not Post,,Standard,,TRIBUTE PLACE HOLDER,,ORGANIZATION PLACE HOLDER,
SHC Account,,,,,,,,,,,,,,jpompe@classy.org,0.00,01/26/2017,payment,,INBOUND_CHANNEL_PLACEHOLDER,APPLICATION_PLACEHOLDER,Hunters Fight Duathlon/Triathlon Sponsored by RuckPack and 4GR8 TEES         ,,Do Not Post,,Standard,,TRIBUTE PLACE HOLDER,,ORGANIZATION PLACE HOLDER,
SHC Account,,,,,,,,,,,,,,jpompe@classy.org,0.00,01/26/2017,payment,,INBOUND_CHANNEL_PLACEHOLDER,APPLICATION_PLACEHOLDER,"Hunter's Fight Duathlon/Triathlon Sponsored by RuckPack and 4GR8 TEES      ",,Do Not Post,,Standard,,TRIBUTE PLACE HOLDER,,ORGANIZATION PLACE HOLDER,
SHC Account,,,,,,,,,,,,,,jpompe@classy.org,0.00,01/26/2017,payment,,INBOUND_CHANNEL_PLACEHOLDER,APPLICATION_PLACEHOLDER,Rock and Roll Happy Time,,Do Not Post,,Standard,,TRIBUTE PLACE HOLDER,,ORGANIZATION PLACE HOLDER,
SHC Account,,,,,,,,,,,,,,jpompe@classy.org,0.00,01/26/2017,payment,,INBOUND_CHANNEL_PLACEHOLDER,APPLICATION_PLACEHOLDER,Stay Classy Tailgate,,Do Not Post,,Standard,,TRIBUTE PLACE HOLDER,,ORGANIZATION PLACE HOLDER,
SHC Account,,,,,,,,,,,,,,jpompe@classy.org,0.00,01/26/2017,payment,,INBOUND_CHANNEL_PLACEHOLDER,APPLICATION_PLACEHOLDER,Hunters Fight Duathlon/Triathlon Sponsored by RuckPack and 4GR8 TEES         ,,Do Not Post,,Standard,,TRIBUTE PLACE HOLDER,,ORGANIZATION PLACE HOLDER,
SHC Account,,,,,,,,,,,,,,jpompe@classy.org,0.00,01/26/2017,payment,,INBOUND_CHANNEL_PLACEHOLDER,APPLICATION_PLACEHOLDER,2nd Annual National Kickball Championship Presented by VAVi Sport & Social Club ,,Do Not Post,,Standard,,TRIBUTE PLACE HOLDER,,ORGANIZATION PLACE HOLDER,
SHC Account,,,,,,,,,,,,,,jpompe@classy.org,0.00,01/26/2017,payment,,INBOUND_CHANNEL_PLACEHOLDER,APPLICATION_PLACEHOLDER,Stay Classy Tailgate,,Do Not Post,,Standard,,TRIBUTE PLACE HOLDER,,ORGANIZATION PLACE HOLDER,
SHC Account,,,,,,,,,,,,,,jpompe@classy.org,0.00,01/26/2017,payment,,INBOUND_CHANNEL_PLACEHOLDER,APPLICATION_PLACEHOLDER,Hunters Fight Duathlon/Triathlon Sponsored by RuckPack and 4GR8 TEES         ,,Do Not Post,,Standard,,TRIBUTE PLACE HOLDER,,ORGANIZATION PLACE HOLDER,
SHC Account,,,,,,,,,,,,,,jpompe@classy.org,0.00,01/26/2017,payment,,INBOUND_CHANNEL_PLACEHOLDER,APPLICATION_PLACEHOLDER,Hunters Fight Duathlon/Triathlon Sponsored by RuckPack and 4GR8 TEES         ,,Do Not Post,,Standard,,TRIBUTE PLACE HOLDER,,ORGANIZATION PLACE HOLDER,
SHC Account,,,,,,,,,,,,,,jpompe@classy.org,0.00,01/26/2017,payment,,INBOUND_CHANNEL_PLACEHOLDER,APPLICATION_PLACEHOLDER,Stay Classy Tailgate,,Do Not Post,,Standard,,TRIBUTE PLACE HOLDER,,ORGANIZATION PLACE HOLDER,
SHC Account,,,,,,,,,,,,,,jpompe@classy.org,0.00,01/26/2017,payment,,INBOUND_CHANNEL_PLACEHOLDER,APPLICATION_PLACEHOLDER,Hunters Fight Duathlon/Triathlon Sponsored by RuckPack and 4GR8 TEES         ,,Do Not Post,,Standard,,TRIBUTE PLACE HOLDER,,ORGANIZATION PLACE HOLDER,
SHC Account,,,,,,,,,,,,,,jpompe@classy.org,0.00,01/26/2017,payment,,INBOUND_CHANNEL_PLACEHOLDER,APPLICATION_PLACEHOLDER,5th Annual StayClassy PB Pub Crawl,,Do Not Post,,Standard,,TRIBUTE PLACE HOLDER,,ORGANIZATION PLACE HOLDER,
SHC Account,,,,,,,,,,,,,,jpompe@classy.org,0.00,01/26/2017,payment,,INBOUND_CHANNEL_PLACEHOLDER,APPLICATION_PLACEHOLDER,2nd Annual National Kickball Championship Presented by VAVi Sport & Social Club ,,Do Not Post,,Standard,,TRIBUTE PLACE HOLDER,,ORGANIZATION PLACE HOLDER,
SHC Account,,,,,,,,,,,,,,jpompe@classy.org,0.00,01/26/2017,payment,,INBOUND_CHANNEL_PLACEHOLDER,APPLICATION_PLACEHOLDER,Hunters Fight Duathlon/Triathlon Sponsored by RuckPack and 4GR8 TEES         ,,Do Not Post,,Standard,,TRIBUTE PLACE HOLDER,,ORGANIZATION PLACE HOLDER,
SHC Account,,,,,,,,,,,,,,jpompe@classy.org,0.00,01/26/2017,payment,,INBOUND_CHANNEL_PLACEHOLDER,APPLICATION_PLACEHOLDER,"Hunter's Fight Duathlon/Triathlon Sponsored by RuckPack and 4GR8 TEES      ",,Do Not Post,,Standard,,TRIBUTE PLACE HOLDER,,ORGANIZATION PLACE HOLDER,
SHC Account,,,,,,,,,,,,,,jpompe@classy.org,0.00,01/26/2017,payment,,INBOUND_CHANNEL_PLACEHOLDER,APPLICATION_PLACEHOLDER,"Hunter's Fight Duathlon/Triathlon Sponsored by RuckPack and 4GR8 TEES      ",,Do Not Post,,Standard,,TRIBUTE PLACE HOLDER,,ORGANIZATION PLACE HOLDER,
SHC Account,,,,,,,,,,,,,,jpompe@classy.org,0.00,01/26/2017,payment,,INBOUND_CHANNEL_PLACEHOLDER,APPLICATION_PLACEHOLDER,Rock and Roll Happy Time,,Do Not Post,,Standard,,TRIBUTE PLACE HOLDER,,ORGANIZATION PLACE HOLDER,
SHC Account,,,,,,,,,,,,,,jpompe@classy.org,0.00,01/26/2017,payment,,INBOUND_CHANNEL_PLACEHOLDER,APPLICATION_PLACEHOLDER,"Hunter's Fight Duathlon/Triathlon Sponsored by RuckPack and 4GR8 TEES      ",,Do Not Post,,Standard,,TRIBUTE PLACE HOLDER,,ORGANIZATION PLACE HOLDER,
SHC Account,,,,,,,,,,,,,,jpompe@classy.org,0.00,01/26/2017,payment,,INBOUND_CHANNEL_PLACEHOLDER,APPLICATION_PLACEHOLDER,5th Annual StayClassy PB Pub Crawl,,Do Not Post,,Standard,,TRIBUTE PLACE HOLDER,,ORGANIZATION PLACE HOLDER,
SHC Account,,,,,,,,,,,,,,jpompe@classy.org,0.00,01/26/2017,payment,,INBOUND_CHANNEL_PLACEHOLDER,APPLICATION_PLACEHOLDER,Rock and Roll Happy Time,,Do Not Post,,Standard,,TRIBUTE PLACE HOLDER,,ORGANIZATION PLACE HOLDER,
SHC Account,,,,,,,,,,,,,,jpompe@classy.org,0.00,01/26/2017,payment,,INBOUND_CHANNEL_PLACEHOLDER,APPLICATION_PLACEHOLDER,Rock and Roll Happy Time,,Do Not Post,,Standard,,TRIBUTE PLACE HOLDER,,ORGANIZATION PLACE HOLDER,
SHC Account,,,,,,,,,,,,,,jpompe@classy.org,0.00,01/26/2017,payment,,INBOUND_CHANNEL_PLACEHOLDER,APPLICATION_PLACEHOLDER,Rock and Roll Happy Time,,Do Not Post,,Standard,,TRIBUTE PLACE HOLDER,,ORGANIZATION PLACE HOLDER,
SHC Account,,,,,,,,,,,,,,jpompe@classy.org,0.00,01/26/2017,payment,,INBOUND_CHANNEL_PLACEHOLDER,APPLICATION_PLACEHOLDER,Rock and Roll Happy Time,,Do Not Post,,Standard,,TRIBUTE PLACE HOLDER,,ORGANIZATION PLACE HOLDER,
SHC Account,,,,,,,,,,,,,,jpompe@classy.org,0.00,01/26/2017,payment,,INBOUND_CHANNEL_PLACEHOLDER,APPLICATION_PLACEHOLDER,Stay Classy Tailgate,,Do Not Post,,Standard,,TRIBUTE PLACE HOLDER,,ORGANIZATION PLACE HOLDER,
SHC Account,,,,,,,,,,,,,,jpompe@classy.org,0.00,01/26/2017,payment,,INBOUND_CHANNEL_PLACEHOLDER,APPLICATION_PLACEHOLDER,Stay Classy Tailgate,,Do Not Post,,Standard,,TRIBUTE PLACE HOLDER,,ORGANIZATION PLACE HOLDER,
SHC Account,,,,,,,,,,,,,,jpompe@classy.org,0.00,01/26/2017,payment,,INBOUND_CHANNEL_PLACEHOLDER,APPLICATION_PLACEHOLDER,Hunters Fight Duathlon/Triathlon Sponsored by RuckPack and 4GR8 TEES         ,,Do Not Post,,Standard,,TRIBUTE PLACE HOLDER,,ORGANIZATION PLACE HOLDER,
SHC Account,,,,,,,,,,,,,,jpompe@classy.org,0.00,01/26/2017,payment,,INBOUND_CHANNEL_PLACEHOLDER,APPLICATION_PLACEHOLDER,2nd Annual National Kickball Championship Presented by VAVi Sport & Social Club ,,Do Not Post,,Standard,,TRIBUTE PLACE HOLDER,,ORGANIZATION PLACE HOLDER,
SHC Account,,,,,,,,,,,,,,jpompe@classy.org,0.00,01/26/2017,payment,,INBOUND_CHANNEL_PLACEHOLDER,APPLICATION_PLACEHOLDER,Hunters Fight Duathlon/Triathlon Sponsored by RuckPack and 4GR8 TEES         ,,Do Not Post,,Standard,,TRIBUTE PLACE HOLDER,,ORGANIZATION PLACE HOLDER,
SHC Account,,,,,,,,,,,,,,jpompe@classy.org,0.00,01/26/2017,payment,,INBOUND_CHANNEL_PLACEHOLDER,APPLICATION_PLACEHOLDER,5th Annual StayClassy PB Pub Crawl,,Do Not Post,,Standard,,TRIBUTE PLACE HOLDER,,ORGANIZATION PLACE HOLDER,
SHC Account,,,,,,,,,,,,,,jpompe@classy.org,0.00,01/26/2017,payment,,INBOUND_CHANNEL_PLACEHOLDER,APPLICATION_PLACEHOLDER,2nd Annual National Kickball Championship Presented by VAVi Sport & Social Club ,,Do Not Post,,Standard,,TRIBUTE PLACE HOLDER,,ORGANIZATION PLACE HOLDER,
SHC Account,,,,,,,,,,,,,,jpompe@classy.org,0.00,01/26/2017,payment,,INBOUND_CHANNEL_PLACEHOLDER,APPLICATION_PLACEHOLDER,2nd Annual National Kickball Championship Presented by VAVi Sport & Social Club ,,Do Not Post,,Standard,,TRIBUTE PLACE HOLDER,,ORGANIZATION PLACE HOLDER,
SHC Account,,,,,,,,,,,,,,jpompe@classy.org,0.00,01/26/2017,payment,,INBOUND_CHANNEL_PLACEHOLDER,APPLICATION_PLACEHOLDER,Stay Classy Tailgate,,Do Not Post,,Standard,,TRIBUTE PLACE HOLDER,,ORGANIZATION PLACE HOLDER,
SHC Account,,,,,,,,,,,,,,jpompe@classy.org,0.00,01/26/2017,payment,,INBOUND_CHANNEL_PLACEHOLDER,APPLICATION_PLACEHOLDER,"Hunter's Fight Duathlon/Triathlon Sponsored by RuckPack and 4GR8 TEES      ",,Do Not Post,,Standard,,TRIBUTE PLACE HOLDER,,ORGANIZATION PLACE HOLDER,
SHC Account,,,,,,,,,,,,,,jpompe@classy.org,0.00,01/26/2017,payment,,INBOUND_CHANNEL_PLACEHOLDER,APPLICATION_PLACEHOLDER,Hunters Fight Duathlon/Triathlon Sponsored by RuckPack and 4GR8 TEES         ,,Do Not Post,,Standard,,TRIBUTE PLACE HOLDER,,ORGANIZATION PLACE HOLDER,
SHC Account,,,,,,,,,,,,,,jpompe@classy.org,0.00,01/26/2017,payment,,INBOUND_CHANNEL_PLACEHOLDER,APPLICATION_PLACEHOLDER,5th Annual StayClassy PB Pub Crawl,,Do Not Post,,Standard,,TRIBUTE PLACE HOLDER,,ORGANIZATION PLACE HOLDER,
SHC Account,,,,,,,,,,,,,,jpompe@classy.org,0.00,01/26/2017,payment,,INBOUND_CHANNEL_PLACEHOLDER,APPLICATION_PLACEHOLDER,2nd Annual National Kickball Championship Presented by VAVi Sport & Social Club ,,Do Not Post,,Standard,,TRIBUTE PLACE HOLDER,,ORGANIZATION PLACE HOLDER,
SHC Account,,,,,,,,,,,,,,jpompe@classy.org,0.00,01/26/2017,payment,,INBOUND_CHANNEL_PLACEHOLDER,APPLICATION_PLACEHOLDER,5th Annual StayClassy PB Pub Crawl,,Do Not Post,,Standard,,TRIBUTE PLACE HOLDER,,ORGANIZATION PLACE HOLDER,
SHC Account,,,,,,,,,,,,,,jpompe@classy.org,0.00,01/26/2017,payment,,INBOUND_CHANNEL_PLACEHOLDER,APPLICATION_PLACEHOLDER,Rock and Roll Happy Time,,Do Not Post,,Standard,,TRIBUTE PLACE HOLDER,,ORGANIZATION PLACE HOLDER,
SHC Account,,,,,,,,,,,,,,jpompe@classy.org,0.00,01/26/2017,payment,,INBOUND_CHANNEL_PLACEHOLDER,APPLICATION_PLACEHOLDER,"Hunter's Fight Duathlon/Triathlon Sponsored by RuckPack and 4GR8 TEES      ",,Do Not Post,,Standard,,TRIBUTE PLACE HOLDER,,ORGANIZATION PLACE HOLDER,
SHC Account,,,,,,,,,,,,,,jpompe@classy.org,0.00,01/26/2017,payment,,INBOUND_CHANNEL_PLACEHOLDER,APPLICATION_PLACEHOLDER,2nd Annual National Kickball Championship Presented by VAVi Sport & Social Club ,,Do Not Post,,Standard,,TRIBUTE PLACE HOLDER,,ORGANIZATION PLACE HOLDER,
SHC Account,,,,,,,,,,,,,,jpompe@classy.org,0.00,01/26/2017,payment,,INBOUND_CHANNEL_PLACEHOLDER,APPLICATION_PLACEHOLDER,Rock and Roll Happy Time,,Do Not Post,,Standard,,TRIBUTE PLACE HOLDER,,ORGANIZATION PLACE HOLDER,
SHC Account,,,,,,,,,,,,,,jpompe@classy.org,0.00,01/26/2017,payment,,INBOUND_CHANNEL_PLACEHOLDER,APPLICATION_PLACEHOLDER,Stay Classy Tailgate,,Do Not Post,,Standard,,TRIBUTE PLACE HOLDER,,ORGANIZATION PLACE HOLDER,
SHC Account,,,,,,,,,,,,,,jpompe@classy.org,0.00,01/26/2017,payment,,INBOUND_CHANNEL_PLACEHOLDER,APPLICATION_PLACEHOLDER,"Hunter's Fight Duathlon/Triathlon Sponsored by RuckPack and 4GR8 TEES      ",,Do Not Post,,Standard,,TRIBUTE PLACE HOLDER,,ORGANIZATION PLACE HOLDER,
SHC Account,,,,,,,,,,,,,,jpompe@classy.org,0.00,01/26/2017,payment,,INBOUND_CHANNEL_PLACEHOLDER,APPLICATION_PLACEHOLDER,5th Annual StayClassy PB Pub Crawl,,Do Not Post,,Standard,,TRIBUTE PLACE HOLDER,,ORGANIZATION PLACE HOLDER,
SHC Account,,,,,,,,,,,,,,jpompe@classy.org,0.00,01/26/2017,payment,,INBOUND_CHANNEL_PLACEHOLDER,APPLICATION_PLACEHOLDER,Hunters Fight Duathlon/Triathlon Sponsored by RuckPack and 4GR8 TEES         ,,Do Not Post,,Standard,,TRIBUTE PLACE HOLDER,,ORGANIZATION PLACE HOLDER,
SHC Account,,,,,,,,,,,,,,jpompe@classy.org,0.00,01/26/2017,payment,,INBOUND_CHANNEL_PLACEHOLDER,APPLICATION_PLACEHOLDER,2nd Annual National Kickball Championship Presented by VAVi Sport & Social Club ,,Do Not Post,,Standard,,TRIBUTE PLACE HOLDER,,ORGANIZATION PLACE HOLDER,
SHC Account,,,,,,,,,,,,,,jpompe@classy.org,0.00,01/26/2017,payment,,INBOUND_CHANNEL_PLACEHOLDER,APPLICATION_PLACEHOLDER,5th Annual StayClassy PB Pub Crawl,,Do Not Post,,Standard,,TRIBUTE PLACE HOLDER,,ORGANIZATION PLACE HOLDER,
SHC Account,,,,,,,,,,,,,,jpompe@classy.org,0.00,01/26/2017,payment,,INBOUND_CHANNEL_PLACEHOLDER,APPLICATION_PLACEHOLDER,2nd Annual National Kickball Championship Presented by VAVi Sport & Social Club ,,Do Not Post,,Standard,,TRIBUTE PLACE HOLDER,,ORGANIZATION PLACE HOLDER,
SHC Account,,,,,,,,,,,,,,jpompe@classy.org,0.00,01/26/2017,payment,,INBOUND_CHANNEL_PLACEHOLDER,APPLICATION_PLACEHOLDER,Rock and Roll Happy Time,,Do Not Post,,Standard,,TRIBUTE PLACE HOLDER,,ORGANIZATION PLACE HOLDER,
SHC Account,,,,,,,,,,,,,,jpompe@classy.org,0.00,01/26/2017,payment,,INBOUND_CHANNEL_PLACEHOLDER,APPLICATION_PLACEHOLDER,Rock and Roll Happy Time,,Do Not Post,,Standard,,TRIBUTE PLACE HOLDER,,ORGANIZATION PLACE HOLDER,
SHC Account,,,,,,,,,,,,,,jpompe@classy.org,0.00,01/26/2017,payment,,INBOUND_CHANNEL_PLACEHOLDER,APPLICATION_PLACEHOLDER,2nd Annual National Kickball Championship Presented by VAVi Sport & Social Club ,,Do Not Post,,Standard,,TRIBUTE PLACE HOLDER,,ORGANIZATION PLACE HOLDER,
SHC Account,,,,,,,,,,,,,,jpompe@classy.org,0.00,01/26/2017,payment,,INBOUND_CHANNEL_PLACEHOLDER,APPLICATION_PLACEHOLDER,Hunters Fight Duathlon/Triathlon Sponsored by RuckPack and 4GR8 TEES         ,,Do Not Post,,Standard,,TRIBUTE PLACE HOLDER,,ORGANIZATION PLACE HOLDER,
SHC Account,,,,,,,,,,,,,,jpompe@classy.org,0.00,01/26/2017,payment,,INBOUND_CHANNEL_PLACEHOLDER,APPLICATION_PLACEHOLDER,Hunters Fight Duathlon/Triathlon Sponsored by RuckPack and 4GR8 TEES         ,,Do Not Post,,Standard,,TRIBUTE PLACE HOLDER,,ORGANIZATION PLACE HOLDER,
SHC Account,,,,,,,,,,,,,,jpompe@classy.org,0.00,01/26/2017,payment,,INBOUND_CHANNEL_PLACEHOLDER,APPLICATION_PLACEHOLDER,5th Annual StayClassy PB Pub Crawl,,Do Not Post,,Standard,,TRIBUTE PLACE HOLDER,,ORGANIZATION PLACE HOLDER,
SHC Account,,,,,,,,,,,,,,jpompe@classy.org,0.00,01/26/2017,payment,,INBOUND_CHANNEL_PLACEHOLDER,APPLICATION_PLACEHOLDER,Hunters Fight Duathlon/Triathlon Sponsored by RuckPack and 4GR8 TEES         ,,Do Not Post,,Standard,,TRIBUTE PLACE HOLDER,,ORGANIZATION PLACE HOLDER,
SHC Account,,,,,,,,,,,,,,jpompe@classy.org,0.00,01/26/2017,payment,,INBOUND_CHANNEL_PLACEHOLDER,APPLICATION_PLACEHOLDER,2nd Annual National Kickball Championship Presented by VAVi Sport & Social Club ,,Do Not Post,,Standard,,TRIBUTE PLACE HOLDER,,ORGANIZATION PLACE HOLDER,
SHC Account,,,,,,,,,,,,,,jpompe@classy.org,0.00,01/26/2017,payment,,INBOUND_CHANNEL_PLACEHOLDER,APPLICATION_PLACEHOLDER,Hunters Fight Duathlon/Triathlon Sponsored by RuckPack and 4GR8 TEES         ,,Do Not Post,,Standard,,TRIBUTE PLACE HOLDER,,ORGANIZATION PLACE HOLDER,
SHC Account,,,,,,,,,,,,,,jpompe@classy.org,0.00,01/26/2017,payment,,INBOUND_CHANNEL_PLACEHOLDER,APPLICATION_PLACEHOLDER,2nd Annual National Kickball Championship Presented by VAVi Sport & Social Club ,,Do Not Post,,Standard,,TRIBUTE PLACE HOLDER,,ORGANIZATION PLACE HOLDER,
SHC Account,,,,,,,,,,,,,,jpompe@classy.org,0.00,01/26/2017,payment,,INBOUND_CHANNEL_PLACEHOLDER,APPLICATION_PLACEHOLDER,Hunters Fight Duathlon/Triathlon Sponsored by RuckPack and 4GR8 TEES         ,,Do Not Post,,Standard,,TRIBUTE PLACE HOLDER,,ORGANIZATION PLACE HOLDER,
SHC Account,,,,,,,,,,,,,,jpompe@classy.org,0.00,01/26/2017,payment,,INBOUND_CHANNEL_PLACEHOLDER,APPLICATION_PLACEHOLDER,Stay Classy Tailgate,,Do Not Post,,Standard,,TRIBUTE PLACE HOLDER,,ORGANIZATION PLACE HOLDER,
SHC Account,,,,,,,,,,,,,,jpompe@classy.org,0.00,01/26/2017,payment,,INBOUND_CHANNEL_PLACEHOLDER,APPLICATION_PLACEHOLDER,Stay Classy Tailgate,,Do Not Post,,Standard,,TRIBUTE PLACE HOLDER,,ORGANIZATION PLACE HOLDER,
SHC Account,,,,,,,,,,,,,,jpompe@classy.org,0.00,01/26/2017,payment,,INBOUND_CHANNEL_PLACEHOLDER,APPLICATION_PLACEHOLDER,5th Annual StayClassy PB Pub Crawl,,Do Not Post,,Standard,,TRIBUTE PLACE HOLDER,,ORGANIZATION PLACE HOLDER,
SHC Account,,,,,,,,,,,,,,jpompe@classy.org,0.00,01/26/2017,payment,,INBOUND_CHANNEL_PLACEHOLDER,APPLICATION_PLACEHOLDER,Stay Classy Tailgate,,Do Not Post,,Standard,,TRIBUTE PLACE HOLDER,,ORGANIZATION PLACE HOLDER,
SHC Account,,,,,,,,,,,,,,jpompe@classy.org,0.00,01/26/2017,payment,,INBOUND_CHANNEL_PLACEHOLDER,APPLICATION_PLACEHOLDER,"Hunter's Fight Duathlon/Triathlon Sponsored by RuckPack and 4GR8 TEES      ",,Do Not Post,,Standard,,TRIBUTE PLACE HOLDER,,ORGANIZATION PLACE HOLDER,
SHC Account,,,,,,,,,,,,,,jpompe@classy.org,0.00,01/26/2017,payment,,INBOUND_CHANNEL_PLACEHOLDER,APPLICATION_PLACEHOLDER,5th Annual StayClassy PB Pub Crawl,,Do Not Post,,Standard,,TRIBUTE PLACE HOLDER,,ORGANIZATION PLACE HOLDER,
SHC Account,,,,,,,,,,,,,,jpompe@classy.org,0.00,01/26/2017,payment,,INBOUND_CHANNEL_PLACEHOLDER,APPLICATION_PLACEHOLDER,Stay Classy Tailgate,,Do Not Post,,Standard,,TRIBUTE PLACE HOLDER,,ORGANIZATION PLACE HOLDER,
SHC Account,,,,,,,,,,,,,,jpompe@classy.org,0.00,01/26/2017,payment,,INBOUND_CHANNEL_PLACEHOLDER,APPLICATION_PLACEHOLDER,"Hunter's Fight Duathlon/Triathlon Sponsored by RuckPack and 4GR8 TEES      ",,Do Not Post,,Standard,,TRIBUTE PLACE HOLDER,,ORGANIZATION PLACE HOLDER,
SHC Account,,,,,,,,,,,,,,jpompe@classy.org,0.00,01/26/2017,payment,,INBOUND_CHANNEL_PLACEHOLDER,APPLICATION_PLACEHOLDER,Hunters Fight Duathlon/Triathlon Sponsored by RuckPack and 4GR8 TEES         ,,Do Not Post,,Standard,,TRIBUTE PLACE HOLDER,,ORGANIZATION PLACE HOLDER,
SHC Account,,,,,,,,,,,,,,jpompe@classy.org,0.00,01/26/2017,payment,,INBOUND_CHANNEL_PLACEHOLDER,APPLICATION_PLACEHOLDER,2nd Annual National Kickball Championship Presented by VAVi Sport & Social Club ,,Do Not Post,,Standard,,TRIBUTE PLACE HOLDER,,ORGANIZATION PLACE HOLDER,
SHC Account,,,,,,,,,,,,,,jpompe@classy.org,0.00,01/26/2017,payment,,INBOUND_CHANNEL_PLACEHOLDER,APPLICATION_PLACEHOLDER,"Hunter's Fight Duathlon/Triathlon Sponsored by RuckPack and 4GR8 TEES      ",,Do Not Post,,Standard,,TRIBUTE PLACE HOLDER,,ORGANIZATION PLACE HOLDER,
SHC Account,,,,,,,,,,,,,,jpompe@classy.org,0.00,01/26/2017,payment,,INBOUND_CHANNEL_PLACEHOLDER,APPLICATION_PLACEHOLDER,Stay Classy Tailgate,,Do Not Post,,Standard,,TRIBUTE PLACE HOLDER,,ORGANIZATION PLACE HOLDER,
SHC Account,,,,,,,,,,,,,,jpompe@classy.org,0.00,01/26/2017,payment,,INBOUND_CHANNEL_PLACEHOLDER,APPLICATION_PLACEHOLDER,Stay Classy Tailgate,,Do Not Post,,Standard,,TRIBUTE PLACE HOLDER,,ORGANIZATION PLACE HOLDER,
SHC Account,,,,,,,,,,,,,,jpompe@classy.org,0.00,01/26/2017,payment,,INBOUND_CHANNEL_PLACEHOLDER,APPLICATION_PLACEHOLDER,5th Annual StayClassy PB Pub Crawl,,Do Not Post,,Standard,,TRIBUTE PLACE HOLDER,,ORGANIZATION PLACE HOLDER,
SHC Account,,,,,,,,,,,,,,jpompe@classy.org,0.00,01/26/2017,payment,,INBOUND_CHANNEL_PLACEHOLDER,APPLICATION_PLACEHOLDER,"Hunter's Fight Duathlon/Triathlon Sponsored by RuckPack and 4GR8 TEES      ",,Do Not Post,,Standard,,TRIBUTE PLACE HOLDER,,ORGANIZATION PLACE HOLDER,
SHC Account,,,,,,,,,,,,,,jpompe@classy.org,0.00,01/26/2017,payment,,INBOUND_CHANNEL_PLACEHOLDER,APPLICATION_PLACEHOLDER,Stay Classy Tailgate,,Do Not Post,,Standard,,TRIBUTE PLACE HOLDER,,ORGANIZATION PLACE HOLDER,
SHC Account,,,,,,,,,,,,,,jpompe@classy.org,0.00,01/26/2017,payment,,INBOUND_CHANNEL_PLACEHOLDER,APPLICATION_PLACEHOLDER,"Hunter's Fight Duathlon/Triathlon Sponsored by RuckPack and 4GR8 TEES      ",,Do Not Post,,Standard,,TRIBUTE PLACE HOLDER,,ORGANIZATION PLACE HOLDER,
SHC Account,,,,,,,,,,,,,,jpompe@classy.org,0.00,01/26/2017,payment,,INBOUND_CHANNEL_PLACEHOLDER,APPLICATION_PLACEHOLDER,Rock and Roll Happy Time,,Do Not Post,,Standard,,TRIBUTE PLACE HOLDER,,ORGANIZATION PLACE HOLDER,
SHC Account,,,,,,,,,,,,,,jpompe@classy.org,0.00,01/26/2017,payment,,INBOUND_CHANNEL_PLACEHOLDER,APPLICATION_PLACEHOLDER,Stay Classy Tailgate,,Do Not Post,,Standard,,TRIBUTE PLACE HOLDER,,ORGANIZATION PLACE HOLDER,
SHC Account,,,,,,,,,,,,,,jpompe@classy.org,0.00,01/26/2017,payment,,INBOUND_CHANNEL_PLACEHOLDER,APPLICATION_PLACEHOLDER,Hunters Fight Duathlon/Triathlon Sponsored by RuckPack and 4GR8 TEES         ,,Do Not Post,,Standard,,TRIBUTE PLACE HOLDER,,ORGANIZATION PLACE HOLDER,
SHC Account,,,,,,,,,,,,,,jpompe@classy.org,0.00,01/26/2017,payment,,INBOUND_CHANNEL_PLACEHOLDER,APPLICATION_PLACEHOLDER,2nd Annual National Kickball Championship Presented by VAVi Sport & Social Club ,,Do Not Post,,Standard,,TRIBUTE PLACE HOLDER,,ORGANIZATION PLACE HOLDER,
SHC Account,,,,,,,,,,,,,,jpompe@classy.org,0.00,01/26/2017,payment,,INBOUND_CHANNEL_PLACEHOLDER,APPLICATION_PLACEHOLDER,2nd Annual National Kickball Championship Presented by VAVi Sport & Social Club ,,Do Not Post,,Standard,,TRIBUTE PLACE HOLDER,,ORGANIZATION PLACE HOLDER,
SHC Account,,,,,,,,,,,,,,jpompe@classy.org,0.00,01/26/2017,payment,,INBOUND_CHANNEL_PLACEHOLDER,APPLICATION_PLACEHOLDER,2nd Annual National Kickball Championship Presented by VAVi Sport & Social Club ,,Do Not Post,,Standard,,TRIBUTE PLACE HOLDER,,ORGANIZATION PLACE HOLDER,
SHC Account,,,,,,,,,,,,,,jpompe@classy.org,0.00,01/26/2017,payment,,INBOUND_CHANNEL_PLACEHOLDER,APPLICATION_PLACEHOLDER,Stay Classy Tailgate,,Do Not Post,,Standard,,TRIBUTE PLACE HOLDER,,ORGANIZATION PLACE HOLDER,
SHC Account,,,,,,,,,,,,,,jpompe@classy.org,0.00,01/26/2017,payment,,INBOUND_CHANNEL_PLACEHOLDER,APPLICATION_PLACEHOLDER,Stay Classy Tailgate,,Do Not Post,,Standard,,TRIBUTE PLACE HOLDER,,ORGANIZATION PLACE HOLDER,
SHC Account,,,,,,,,,,,,,,jpompe@classy.org,0.00,01/26/2017,payment,,INBOUND_CHANNEL_PLACEHOLDER,APPLICATION_PLACEHOLDER,2nd Annual National Kickball Championship Presented by VAVi Sport & Social Club ,,Do Not Post,,Standard,,TRIBUTE PLACE HOLDER,,ORGANIZATION PLACE HOLDER,
SHC Account,,,,,,,,,,,,,,jpompe@classy.org,0.00,01/26/2017,payment,,INBOUND_CHANNEL_PLACEHOLDER,APPLICATION_PLACEHOLDER,Rock and Roll Happy Time,,Do Not Post,,Standard,,TRIBUTE PLACE HOLDER,,ORGANIZATION PLACE HOLDER,
SHC Account,,,,,,,,,,,,,,jpompe@classy.org,0.00,01/26/2017,payment,,INBOUND_CHANNEL_PLACEHOLDER,APPLICATION_PLACEHOLDER,5th Annual StayClassy PB Pub Crawl,,Do Not Post,,Standard,,TRIBUTE PLACE HOLDER,,ORGANIZATION PLACE HOLDER,
SHC Account,,,,,,,,,,,,,,jpompe@classy.org,0.00,01/26/2017,payment,,INBOUND_CHANNEL_PLACEHOLDER,APPLICATION_PLACEHOLDER,Stay Classy Tailgate,,Do Not Post,,Standard,,TRIBUTE PLACE HOLDER,,ORGANIZATION PLACE HOLDER,
SHC Account,,,,,,,,,,,,,,jpompe@classy.org,0.00,01/26/2017,payment,,INBOUND_CHANNEL_PLACEHOLDER,APPLICATION_PLACEHOLDER,Hunters Fight Duathlon/Triathlon Sponsored by RuckPack and 4GR8 TEES         ,,Do Not Post,,Standard,,TRIBUTE PLACE HOLDER,,ORGANIZATION PLACE HOLDER,
SHC Account,,,,,,,,,,,,,,jpompe@classy.org,0.00,01/26/2017,payment,,INBOUND_CHANNEL_PLACEHOLDER,APPLICATION_PLACEHOLDER,5th Annual StayClassy PB Pub Crawl,,Do Not Post,,Standard,,TRIBUTE PLACE HOLDER,,ORGANIZATION PLACE HOLDER,
SHC Account,,,,,,,,,,,,,,jpompe@classy.org,0.00,01/26/2017,payment,,INBOUND_CHANNEL_PLACEHOLDER,APPLICATION_PLACEHOLDER,Stay Classy Tailgate,,Do Not Post,,Standard,,TRIBUTE PLACE HOLDER,,ORGANIZATION PLACE HOLDER,
SHC Account,,,,,,,,,,,,,,jpompe@classy.org,0.00,01/26/2017,payment,,INBOUND_CHANNEL_PLACEHOLDER,APPLICATION_PLACEHOLDER,Rock and Roll Happy Time,,Do Not Post,,Standard,,TRIBUTE PLACE HOLDER,,ORGANIZATION PLACE HOLDER,
SHC Account,,,,,,,,,,,,,,jpompe@classy.org,0.00,01/26/2017,payment,,INBOUND_CHANNEL_PLACEHOLDER,APPLICATION_PLACEHOLDER,Stay Classy Tailgate,,Do Not Post,,Standard,,TRIBUTE PLACE HOLDER,,ORGANIZATION PLACE HOLDER,
SHC Account,,,,,,,,,,,,,,jpompe@classy.org,0.00,01/26/2017,payment,,INBOUND_CHANNEL_PLACEHOLDER,APPLICATION_PLACEHOLDER,2nd Annual National Kickball Championship Presented by VAVi Sport & Social Club ,,Do Not Post,,Standard,,TRIBUTE PLACE HOLDER,,ORGANIZATION PLACE HOLDER,
SHC Account,,,,,,,,,,,,,,jpompe@classy.org,0.00,01/26/2017,payment,,INBOUND_CHANNEL_PLACEHOLDER,APPLICATION_PLACEHOLDER,Rock and Roll Happy Time,,Do Not Post,,Standard,,TRIBUTE PLACE HOLDER,,ORGANIZATION PLACE HOLDER,
SHC Account,,,,,,,,,,,,,,jpompe@classy.org,0.00,01/26/2017,payment,,INBOUND_CHANNEL_PLACEHOLDER,APPLICATION_PLACEHOLDER,5th Annual StayClassy PB Pub Crawl,,Do Not Post,,Standard,,TRIBUTE PLACE HOLDER,,ORGANIZATION PLACE HOLDER,
SHC Account,,,,,,,,,,,,,,jpompe@classy.org,0.00,01/26/2017,payment,,INBOUND_CHANNEL_PLACEHOLDER,APPLICATION_PLACEHOLDER,"Hunter's Fight Duathlon/Triathlon Sponsored by RuckPack and 4GR8 TEES      ",,Do Not Post,,Standard,,TRIBUTE PLACE HOLDER,,ORGANIZATION PLACE HOLDER,
SHC Account,,,,,,,,,,,,,,jpompe@classy.org,0.00,01/26/2017,payment,,INBOUND_CHANNEL_PLACEHOLDER,APPLICATION_PLACEHOLDER,Hunters Fight Duathlon/Triathlon Sponsored by RuckPack and 4GR8 TEES         ,,Do Not Post,,Standard,,TRIBUTE PLACE HOLDER,,ORGANIZATION PLACE HOLDER,
SHC Account,,,,,,,,,,,,,,jpompe@classy.org,0.00,01/26/2017,payment,,INBOUND_CHANNEL_PLACEHOLDER,APPLICATION_PLACEHOLDER,Hunters Fight Duathlon/Triathlon Sponsored by RuckPack and 4GR8 TEES         ,,Do Not Post,,Standard,,TRIBUTE PLACE HOLDER,,ORGANIZATION PLACE HOLDER,
SHC Account,,,,,,,,,,,,,,jpompe@classy.org,0.00,01/26/2017,payment,,INBOUND_CHANNEL_PLACEHOLDER,APPLICATION_PLACEHOLDER,Rock and Roll Happy Time,,Do Not Post,,Standard,,TRIBUTE PLACE HOLDER,,ORGANIZATION PLACE HOLDER,
SHC Account,,,,,,,,,,,,,,jpompe@classy.org,0.00,01/26/2017,payment,,INBOUND_CHANNEL_PLACEHOLDER,APPLICATION_PLACEHOLDER,5th Annual StayClassy PB Pub Crawl,,Do Not Post,,Standard,,TRIBUTE PLACE HOLDER,,ORGANIZATION PLACE HOLDER,
SHC Account,,,,,,,,,,,,,,jpompe@classy.org,0.00,01/26/2017,payment,,INBOUND_CHANNEL_PLACEHOLDER,APPLICATION_PLACEHOLDER,2nd Annual National Kickball Championship Presented by VAVi Sport & Social Club ,,Do Not Post,,Standard,,TRIBUTE PLACE HOLDER,,ORGANIZATION PLACE HOLDER,
SHC Account,,,,,,,,,,,,,,jpompe@classy.org,0.00,01/26/2017,payment,,INBOUND_CHANNEL_PLACEHOLDER,APPLICATION_PLACEHOLDER,"Hunter's Fight Duathlon/Triathlon Sponsored by RuckPack and 4GR8 TEES      ",,Do Not Post,,Standard,,TRIBUTE PLACE HOLDER,,ORGANIZATION PLACE HOLDER,
SHC Account,,,,,,,,,,,,,,jpompe@classy.org,0.00,01/26/2017,payment,,INBOUND_CHANNEL_PLACEHOLDER,APPLICATION_PLACEHOLDER,Hunters Fight Duathlon/Triathlon Sponsored by RuckPack and 4GR8 TEES         ,,Do Not Post,,Standard,,TRIBUTE PLACE HOLDER,,ORGANIZATION PLACE HOLDER,
SHC Account,,,,,,,,,,,,,,jpompe@classy.org,0.00,01/26/2017,payment,,INBOUND_CHANNEL_PLACEHOLDER,APPLICATION_PLACEHOLDER,2nd Annual National Kickball Championship Presented by VAVi Sport & Social Club ,,Do Not Post,,Standard,,TRIBUTE PLACE HOLDER,,ORGANIZATION PLACE HOLDER,
SHC Account,,,,,,,,,,,,,,jpompe@classy.org,0.00,01/26/2017,payment,,INBOUND_CHANNEL_PLACEHOLDER,APPLICATION_PLACEHOLDER,2nd Annual National Kickball Championship Presented by VAVi Sport & Social Club ,,Do Not Post,,Standard,,TRIBUTE PLACE HOLDER,,ORGANIZATION PLACE HOLDER,
SHC Account,,,,,,,,,,,,,,jpompe@classy.org,0.00,01/26/2017,payment,,INBOUND_CHANNEL_PLACEHOLDER,APPLICATION_PLACEHOLDER,Rock and Roll Happy Time,,Do Not Post,,Standard,,TRIBUTE PLACE HOLDER,,ORGANIZATION PLACE HOLDER,
SHC Account,,,,,,,,,,,,,,jpompe@classy.org,0.00,01/26/2017,payment,,INBOUND_CHANNEL_PLACEHOLDER,APPLICATION_PLACEHOLDER,5th Annual StayClassy PB Pub Crawl,,Do Not Post,,Standard,,TRIBUTE PLACE HOLDER,,ORGANIZATION PLACE HOLDER,
SHC Account,,,,,,,,,,,,,,jpompe@classy.org,0.00,01/26/2017,payment,,INBOUND_CHANNEL_PLACEHOLDER,APPLICATION_PLACEHOLDER,Hunters Fight Duathlon/Triathlon Sponsored by RuckPack and 4GR8 TEES         ,,Do Not Post,,Standard,,TRIBUTE PLACE HOLDER,,ORGANIZATION PLACE HOLDER,
SHC Account,,,,,,,,,,,,,,jpompe@classy.org,0.00,01/26/2017,payment,,INBOUND_CHANNEL_PLACEHOLDER,APPLICATION_PLACEHOLDER,"Hunter's Fight Duathlon/Triathlon Sponsored by RuckPack and 4GR8 TEES      ",,Do Not Post,,Standard,,TRIBUTE PLACE HOLDER,,ORGANIZATION PLACE HOLDER,
SHC Account,,,,,,,,,,,,,,jpompe@classy.org,0.00,01/26/2017,payment,,INBOUND_CHANNEL_PLACEHOLDER,APPLICATION_PLACEHOLDER,Hunters Fight Duathlon/Triathlon Sponsored by RuckPack and 4GR8 TEES         ,,Do Not Post,,Standard,,TRIBUTE PLACE HOLDER,,ORGANIZATION PLACE HOLDER,
SHC Account,,,,,,,,,,,,,,jpompe@classy.org,0.00,01/26/2017,payment,,INBOUND_CHANNEL_PLACEHOLDER,APPLICATION_PLACEHOLDER,2nd Annual National Kickball Championship Presented by VAVi Sport & Social Club ,,Do Not Post,,Standard,,TRIBUTE PLACE HOLDER,,ORGANIZATION PLACE HOLDER,
SHC Account,,,,,,,,,,,,,,jpompe@classy.org,0.00,01/26/2017,payment,,INBOUND_CHANNEL_PLACEHOLDER,APPLICATION_PLACEHOLDER,Hunters Fight Duathlon/Triathlon Sponsored by RuckPack and 4GR8 TEES         ,,Do Not Post,,Standard,,TRIBUTE PLACE HOLDER,,ORGANIZATION PLACE HOLDER,
SHC Account,,,,,,,,,,,,,,jpompe@classy.org,0.00,01/26/2017,payment,,INBOUND_CHANNEL_PLACEHOLDER,APPLICATION_PLACEHOLDER,"Hunter's Fight Duathlon/Triathlon Sponsored by RuckPack and 4GR8 TEES      ",,Do Not Post,,Standard,,TRIBUTE PLACE HOLDER,,ORGANIZATION PLACE HOLDER,
SHC Account,,,,,,,,,,,,,,jpompe@classy.org,0.00,01/26/2017,payment,,INBOUND_CHANNEL_PLACEHOLDER,APPLICATION_PLACEHOLDER,Hunters Fight Duathlon/Triathlon Sponsored by RuckPack and 4GR8 TEES         ,,Do Not Post,,Standard,,TRIBUTE PLACE HOLDER,,ORGANIZATION PLACE HOLDER,
SHC Account,,,,,,,,,,,,,,jpompe@classy.org,0.00,01/26/2017,payment,,INBOUND_CHANNEL_PLACEHOLDER,APPLICATION_PLACEHOLDER,Hunters Fight Duathlon/Triathlon Sponsored by RuckPack and 4GR8 TEES         ,,Do Not Post,,Standard,,TRIBUTE PLACE HOLDER,,ORGANIZATION PLACE HOLDER,
SHC Account,,,,,,,,,,,,,,jpompe@classy.org,0.00,01/26/2017,payment,,INBOUND_CHANNEL_PLACEHOLDER,APPLICATION_PLACEHOLDER,Rock and Roll Happy Time,,Do Not Post,,Standard,,TRIBUTE PLACE HOLDER,,ORGANIZATION PLACE HOLDER,
SHC Account,,,,,,,,,,,,,,jpompe@classy.org,0.00,01/26/2017,payment,,INBOUND_CHANNEL_PLACEHOLDER,APPLICATION_PLACEHOLDER,5th Annual StayClassy PB Pub Crawl,,Do Not Post,,Standard,,TRIBUTE PLACE HOLDER,,ORGANIZATION PLACE HOLDER,
SHC Account,,,,,,,,,,,,,,jpompe@classy.org,0.00,01/26/2017,payment,,INBOUND_CHANNEL_PLACEHOLDER,APPLICATION_PLACEHOLDER,Rock and Roll Happy Time,,Do Not Post,,Standard,,TRIBUTE PLACE HOLDER,,ORGANIZATION PLACE HOLDER,
SHC Account,,,,,,,,,,,,,,jpompe@classy.org,0.00,01/26/2017,payment,,INBOUND_CHANNEL_PLACEHOLDER,APPLICATION_PLACEHOLDER,2nd Annual National Kickball Championship Presented by VAVi Sport & Social Club ,,Do Not Post,,Standard,,TRIBUTE PLACE HOLDER,,ORGANIZATION PLACE HOLDER,
SHC Account,,,,,,,,,,,,,,jpompe@classy.org,0.00,01/26/2017,payment,,INBOUND_CHANNEL_PLACEHOLDER,APPLICATION_PLACEHOLDER,Stay Classy Tailgate,,Do Not Post,,Standard,,TRIBUTE PLACE HOLDER,,ORGANIZATION PLACE HOLDER,
SHC Account,,,,,,,,,,,,,,jpompe@classy.org,0.00,01/26/2017,payment,,INBOUND_CHANNEL_PLACEHOLDER,APPLICATION_PLACEHOLDER,Hunters Fight Duathlon/Triathlon Sponsored by RuckPack and 4GR8 TEES         ,,Do Not Post,,Standard,,TRIBUTE PLACE HOLDER,,ORGANIZATION PLACE HOLDER,
SHC Account,,,,,,,,,,,,,,jpompe@classy.org,0.00,01/26/2017,payment,,INBOUND_CHANNEL_PLACEHOLDER,APPLICATION_PLACEHOLDER,2nd Annual National Kickball Championship Presented by VAVi Sport & Social Club ,,Do Not Post,,Standard,,TRIBUTE PLACE HOLDER,,ORGANIZATION PLACE HOLDER,
SHC Account,,,,,,,,,,,,,,jpompe@classy.org,0.00,01/26/2017,payment,,INBOUND_CHANNEL_PLACEHOLDER,APPLICATION_PLACEHOLDER,5th Annual StayClassy PB Pub Crawl,,Do Not Post,,Standard,,TRIBUTE PLACE HOLDER,,ORGANIZATION PLACE HOLDER,
SHC Account,,,,,,,,,,,,,,jpompe@classy.org,0.00,01/26/2017,payment,,INBOUND_CHANNEL_PLACEHOLDER,APPLICATION_PLACEHOLDER,"Hunter's Fight Duathlon/Triathlon Sponsored by RuckPack and 4GR8 TEES      ",,Do Not Post,,Standard,,TRIBUTE PLACE HOLDER,,ORGANIZATION PLACE HOLDER,
SHC Account,,,,,,,,,,,,,,jpompe@classy.org,0.00,01/26/2017,payment,,INBOUND_CHANNEL_PLACEHOLDER,APPLICATION_PLACEHOLDER,Rock and Roll Happy Time,,Do Not Post,,Standard,,TRIBUTE PLACE HOLDER,,ORGANIZATION PLACE HOLDER,
SHC Account,,,,,,,,,,,,,,jpompe@classy.org,0.00,01/26/2017,payment,,INBOUND_CHANNEL_PLACEHOLDER,APPLICATION_PLACEHOLDER,"Hunter's Fight Duathlon/Triathlon Sponsored by RuckPack and 4GR8 TEES      ",,Do Not Post,,Standard,,TRIBUTE PLACE HOLDER,,ORGANIZATION PLACE HOLDER,
SHC Account,,,,,,,,,,,,,,jpompe@classy.org,0.00,01/26/2017,payment,,INBOUND_CHANNEL_PLACEHOLDER,APPLICATION_PLACEHOLDER,5th Annual StayClassy PB Pub Crawl,,Do Not Post,,Standard,,TRIBUTE PLACE HOLDER,,ORGANIZATION PLACE HOLDER,
SHC Account,,,,,,,,,,,,,,jpompe@classy.org,0.00,01/26/2017,payment,,INBOUND_CHANNEL_PLACEHOLDER,APPLICATION_PLACEHOLDER,2nd Annual National Kickball Championship Presented by VAVi Sport & Social Club ,,Do Not Post,,Standard,,TRIBUTE PLACE HOLDER,,ORGANIZATION PLACE HOLDER,
SHC Account,,,,,,,,,,,,,,jpompe@classy.org,0.00,01/26/2017,payment,,INBOUND_CHANNEL_PLACEHOLDER,APPLICATION_PLACEHOLDER,Hunters Fight Duathlon/Triathlon Sponsored by RuckPack and 4GR8 TEES         ,,Do Not Post,,Standard,,TRIBUTE PLACE HOLDER,,ORGANIZATION PLACE HOLDER,
SHC Account,,,,,,,,,,,,,,jpompe@classy.org,0.00,01/26/2017,payment,,INBOUND_CHANNEL_PLACEHOLDER,APPLICATION_PLACEHOLDER,Hunters Fight Duathlon/Triathlon Sponsored by RuckPack and 4GR8 TEES         ,,Do Not Post,,Standard,,TRIBUTE PLACE HOLDER,,ORGANIZATION PLACE HOLDER,
SHC Account,,,,,,,,,,,,,,jpompe@classy.org,0.00,01/26/2017,payment,,INBOUND_CHANNEL_PLACEHOLDER,APPLICATION_PLACEHOLDER,5th Annual StayClassy PB Pub Crawl,,Do Not Post,,Standard,,TRIBUTE PLACE HOLDER,,ORGANIZATION PLACE HOLDER,
SHC Account,,,,,,,,,,,,,,jpompe@classy.org,0.00,01/26/2017,payment,,INBOUND_CHANNEL_PLACEHOLDER,APPLICATION_PLACEHOLDER,Rock and Roll Happy Time,,Do Not Post,,Standard,,TRIBUTE PLACE HOLDER,,ORGANIZATION PLACE HOLDER,
SHC Account,,,,,,,,,,,,,,jpompe@classy.org,0.00,01/26/2017,payment,,INBOUND_CHANNEL_PLACEHOLDER,APPLICATION_PLACEHOLDER,Stay Classy Tailgate,,Do Not Post,,Standard,,TRIBUTE PLACE HOLDER,,ORGANIZATION PLACE HOLDER,
SHC Account,,,,,,,,,,,,,,jpompe@classy.org,0.00,01/26/2017,payment,,INBOUND_CHANNEL_PLACEHOLDER,APPLICATION_PLACEHOLDER,Stay Classy Tailgate,,Do Not Post,,Standard,,TRIBUTE PLACE HOLDER,,ORGANIZATION PLACE HOLDER,
SHC Account,,,,,,,,,,,,,,jpompe@classy.org,0.00,01/26/2017,payment,,INBOUND_CHANNEL_PLACEHOLDER,APPLICATION_PLACEHOLDER,Stay Classy Tailgate,,Do Not Post,,Standard,,TRIBUTE PLACE HOLDER,,ORGANIZATION PLACE HOLDER,
SHC Account,,,,,,,,,,,,,,jpompe@classy.org,0.00,01/26/2017,payment,,INBOUND_CHANNEL_PLACEHOLDER,APPLICATION_PLACEHOLDER,Hunters Fight Duathlon/Triathlon Sponsored by RuckPack and 4GR8 TEES         ,,Do Not Post,,Standard,,TRIBUTE PLACE HOLDER,,ORGANIZATION PLACE HOLDER,
SHC Account,,,,,,,,,,,,,,jpompe@classy.org,0.00,01/26/2017,payment,,INBOUND_CHANNEL_PLACEHOLDER,APPLICATION_PLACEHOLDER,2nd Annual National Kickball Championship Presented by VAVi Sport & Social Club ,,Do Not Post,,Standard,,TRIBUTE PLACE HOLDER,,ORGANIZATION PLACE HOLDER,
SHC Account,,,,,,,,,,,,,,jpompe@classy.org,0.00,01/26/2017,payment,,INBOUND_CHANNEL_PLACEHOLDER,APPLICATION_PLACEHOLDER,"Hunter's Fight Duathlon/Triathlon Sponsored by RuckPack and 4GR8 TEES      ",,Do Not Post,,Standard,,TRIBUTE PLACE HOLDER,,ORGANIZATION PLACE HOLDER,
SHC Account,,,,,,,,,,,,,,jpompe@classy.org,0.00,01/26/2017,payment,,INBOUND_CHANNEL_PLACEHOLDER,APPLICATION_PLACEHOLDER,2nd Annual National Kickball Championship Presented by VAVi Sport & Social Club ,,Do Not Post,,Standard,,TRIBUTE PLACE HOLDER,,ORGANIZATION PLACE HOLDER,
SHC Account,,,,,,,,,,,,,,jpompe@classy.org,0.00,01/26/2017,payment,,INBOUND_CHANNEL_PLACEHOLDER,APPLICATION_PLACEHOLDER,"Hunter's Fight Duathlon/Triathlon Sponsored by RuckPack and 4GR8 TEES      ",,Do Not Post,,Standard,,TRIBUTE PLACE HOLDER,,ORGANIZATION PLACE HOLDER,
SHC Account,,,,,,,,,,,,,,jpompe@classy.org,0.00,01/26/2017,payment,,INBOUND_CHANNEL_PLACEHOLDER,APPLICATION_PLACEHOLDER,Rock and Roll Happy Time,,Do Not Post,,Standard,,TRIBUTE PLACE HOLDER,,ORGANIZATION PLACE HOLDER,
SHC Account,,,,,,,,,,,,,,jpompe@classy.org,0.00,01/26/2017,payment,,INBOUND_CHANNEL_PLACEHOLDER,APPLICATION_PLACEHOLDER,Rock and Roll Happy Time,,Do Not Post,,Standard,,TRIBUTE PLACE HOLDER,,ORGANIZATION PLACE HOLDER,
SHC Account,,,,,,,,,,,,,,jpompe@classy.org,0.00,01/26/2017,payment,,INBOUND_CHANNEL_PLACEHOLDER,APPLICATION_PLACEHOLDER,Stay Classy Tailgate,,Do Not Post,,Standard,,TRIBUTE PLACE HOLDER,,ORGANIZATION PLACE HOLDER,
SHC Account,,,,,,,,,,,,,,jpompe@classy.org,0.00,01/26/2017,payment,,INBOUND_CHANNEL_PLACEHOLDER,APPLICATION_PLACEHOLDER,5th Annual StayClassy PB Pub Crawl,,Do Not Post,,Standard,,TRIBUTE PLACE HOLDER,,ORGANIZATION PLACE HOLDER,
SHC Account,,,,,,,,,,,,,,jpompe@classy.org,0.00,01/26/2017,payment,,INBOUND_CHANNEL_PLACEHOLDER,APPLICATION_PLACEHOLDER,2nd Annual National Kickball Championship Presented by VAVi Sport & Social Club ,,Do Not Post,,Standard,,TRIBUTE PLACE HOLDER,,ORGANIZATION PLACE HOLDER,
SHC Account,,,,,,,,,,,,,,jpompe@classy.org,0.00,01/26/2017,payment,,INBOUND_CHANNEL_PLACEHOLDER,APPLICATION_PLACEHOLDER,"Hunter's Fight Duathlon/Triathlon Sponsored by RuckPack and 4GR8 TEES      ",,Do Not Post,,Standard,,TRIBUTE PLACE HOLDER,,ORGANIZATION PLACE HOLDER,
SHC Account,,,,,,,,,,,,,,jpompe@classy.org,0.00,01/26/2017,payment,,INBOUND_CHANNEL_PLACEHOLDER,APPLICATION_PLACEHOLDER,Stay Classy Tailgate,,Do Not Post,,Standard,,TRIBUTE PLACE HOLDER,,ORGANIZATION PLACE HOLDER,
SHC Account,,,,,,,,,,,,,,jpompe@classy.org,0.00,01/26/2017,payment,,INBOUND_CHANNEL_PLACEHOLDER,APPLICATION_PLACEHOLDER,2nd Annual National Kickball Championship Presented by VAVi Sport & Social Club ,,Do Not Post,,Standard,,TRIBUTE PLACE HOLDER,,ORGANIZATION PLACE HOLDER,
SHC Account,,,,,,,,,,,,,,jpompe@classy.org,0.00,01/26/2017,payment,,INBOUND_CHANNEL_PLACEHOLDER,APPLICATION_PLACEHOLDER,Stay Classy Tailgate,,Do Not Post,,Standard,,TRIBUTE PLACE HOLDER,,ORGANIZATION PLACE HOLDER,
SHC Account,,,,,,,,,,,,,,jpompe@classy.org,0.00,01/26/2017,payment,,INBOUND_CHANNEL_PLACEHOLDER,APPLICATION_PLACEHOLDER,5th Annual StayClassy PB Pub Crawl,,Do Not Post,,Standard,,TRIBUTE PLACE HOLDER,,ORGANIZATION PLACE HOLDER,
SHC Account,,,,,,,,,,,,,,jpompe@classy.org,0.00,01/26/2017,payment,,INBOUND_CHANNEL_PLACEHOLDER,APPLICATION_PLACEHOLDER,"Hunter's Fight Duathlon/Triathlon Sponsored by RuckPack and 4GR8 TEES      ",,Do Not Post,,Standard,,TRIBUTE PLACE HOLDER,,ORGANIZATION PLACE HOLDER,
SHC Account,,,,,,,,,,,,,,jpompe@classy.org,0.00,01/26/2017,payment,,INBOUND_CHANNEL_PLACEHOLDER,APPLICATION_PLACEHOLDER,2nd Annual National Kickball Championship Presented by VAVi Sport & Social Club ,,Do Not Post,,Standard,,TRIBUTE PLACE HOLDER,,ORGANIZATION PLACE HOLDER,
SHC Account,,,,,,,,,,,,,,jpompe@classy.org,0.00,01/26/2017,payment,,INBOUND_CHANNEL_PLACEHOLDER,APPLICATION_PLACEHOLDER,2nd Annual National Kickball Championship Presented by VAVi Sport & Social Club ,,Do Not Post,,Standard,,TRIBUTE PLACE HOLDER,,ORGANIZATION PLACE HOLDER,
SHC Account,,,,,,,,,,,,,,jpompe@classy.org,0.00,01/26/2017,payment,,INBOUND_CHANNEL_PLACEHOLDER,APPLICATION_PLACEHOLDER,Hunters Fight Duathlon/Triathlon Sponsored by RuckPack and 4GR8 TEES         ,,Do Not Post,,Standard,,TRIBUTE PLACE HOLDER,,ORGANIZATION PLACE HOLDER,
SHC Account,,,,,,,,,,,,,,jpompe@classy.org,0.00,01/26/2017,payment,,INBOUND_CHANNEL_PLACEHOLDER,APPLICATION_PLACEHOLDER,Hunters Fight Duathlon/Triathlon Sponsored by RuckPack and 4GR8 TEES         ,,Do Not Post,,Standard,,TRIBUTE PLACE HOLDER,,ORGANIZATION PLACE HOLDER,
SHC Account,,,,,,,,,,,,,,jpompe@classy.org,0.00,01/26/2017,payment,,INBOUND_CHANNEL_PLACEHOLDER,APPLICATION_PLACEHOLDER,"Hunter's Fight Duathlon/Triathlon Sponsored by RuckPack and 4GR8 TEES      ",,Do Not Post,,Standard,,TRIBUTE PLACE HOLDER,,ORGANIZATION PLACE HOLDER,
SHC Account,,,,,,,,,,,,,,jpompe@classy.org,0.00,01/26/2017,payment,,INBOUND_CHANNEL_PLACEHOLDER,APPLICATION_PLACEHOLDER,2nd Annual National Kickball Championship Presented by VAVi Sport & Social Club ,,Do Not Post,,Standard,,TRIBUTE PLACE HOLDER,,ORGANIZATION PLACE HOLDER,
SHC Account,,,,,,,,,,,,,,jpompe@classy.org,0.00,01/26/2017,payment,,INBOUND_CHANNEL_PLACEHOLDER,APPLICATION_PLACEHOLDER,2nd Annual National Kickball Championship Presented by VAVi Sport & Social Club ,,Do Not Post,,Standard,,TRIBUTE PLACE HOLDER,,ORGANIZATION PLACE HOLDER,
SHC Account,,,,,,,,,,,,,,jpompe@classy.org,0.00,01/26/2017,payment,,INBOUND_CHANNEL_PLACEHOLDER,APPLICATION_PLACEHOLDER,Stay Classy Tailgate,,Do Not Post,,Standard,,TRIBUTE PLACE HOLDER,,ORGANIZATION PLACE HOLDER,
SHC Account,,,,,,,,,,,,,,jpompe@classy.org,0.00,01/26/2017,payment,,INBOUND_CHANNEL_PLACEHOLDER,APPLICATION_PLACEHOLDER,Hunters Fight Duathlon/Triathlon Sponsored by RuckPack and 4GR8 TEES         ,,Do Not Post,,Standard,,TRIBUTE PLACE HOLDER,,ORGANIZATION PLACE HOLDER,
SHC Account,,,,,,,,,,,,,,jpompe@classy.org,0.00,01/26/2017,payment,,INBOUND_CHANNEL_PLACEHOLDER,APPLICATION_PLACEHOLDER,Rock and Roll Happy Time,,Do Not Post,,Standard,,TRIBUTE PLACE HOLDER,,ORGANIZATION PLACE HOLDER,
SHC Account,,,,,,,,,,,,,,jpompe@classy.org,0.00,01/26/2017,payment,,INBOUND_CHANNEL_PLACEHOLDER,APPLICATION_PLACEHOLDER,Hunters Fight Duathlon/Triathlon Sponsored by RuckPack and 4GR8 TEES         ,,Do Not Post,,Standard,,TRIBUTE PLACE HOLDER,,ORGANIZATION PLACE HOLDER,
SHC Account,,,,,,,,,,,,,,jpompe@classy.org,0.00,01/26/2017,payment,,INBOUND_CHANNEL_PLACEHOLDER,APPLICATION_PLACEHOLDER,Hunters Fight Duathlon/Triathlon Sponsored by RuckPack and 4GR8 TEES         ,,Do Not Post,,Standard,,TRIBUTE PLACE HOLDER,,ORGANIZATION PLACE HOLDER,
SHC Account,,,,,,,,,,,,,,jpompe@classy.org,0.00,01/26/2017,payment,,INBOUND_CHANNEL_PLACEHOLDER,APPLICATION_PLACEHOLDER,2nd Annual National Kickball Championship Presented by VAVi Sport & Social Club ,,Do Not Post,,Standard,,TRIBUTE PLACE HOLDER,,ORGANIZATION PLACE HOLDER,
SHC Account,,,,,,,,,,,,,,jpompe@classy.org,0.00,01/26/2017,payment,,INBOUND_CHANNEL_PLACEHOLDER,APPLICATION_PLACEHOLDER,2nd Annual National Kickball Championship Presented by VAVi Sport & Social Club ,,Do Not Post,,Standard,,TRIBUTE PLACE HOLDER,,ORGANIZATION PLACE HOLDER,
SHC Account,,,,,,,,,,,,,,jpompe@classy.org,0.00,01/26/2017,payment,,INBOUND_CHANNEL_PLACEHOLDER,APPLICATION_PLACEHOLDER,Stay Classy Tailgate,,Do Not Post,,Standard,,TRIBUTE PLACE HOLDER,,ORGANIZATION PLACE HOLDER,
SHC Account,,,,,,,,,,,,,,jpompe@classy.org,0.00,01/26/2017,payment,,INBOUND_CHANNEL_PLACEHOLDER,APPLICATION_PLACEHOLDER,Rock and Roll Happy Time,,Do Not Post,,Standard,,TRIBUTE PLACE HOLDER,,ORGANIZATION PLACE HOLDER,
SHC Account,,,,,,,,,,,,,,jpompe@classy.org,0.00,01/26/2017,payment,,INBOUND_CHANNEL_PLACEHOLDER,APPLICATION_PLACEHOLDER,2nd Annual National Kickball Championship Presented by VAVi Sport & Social Club ,,Do Not Post,,Standard,,TRIBUTE PLACE HOLDER,,ORGANIZATION PLACE HOLDER,
SHC Account,,,,,,,,,,,,,,jpompe@classy.org,0.00,01/26/2017,payment,,INBOUND_CHANNEL_PLACEHOLDER,APPLICATION_PLACEHOLDER,"Hunter's Fight Duathlon/Triathlon Sponsored by RuckPack and 4GR8 TEES      ",,Do Not Post,,Standard,,TRIBUTE PLACE HOLDER,,ORGANIZATION PLACE HOLDER,
SHC Account,,,,,,,,,,,,,,jpompe@classy.org,0.00,01/26/2017,payment,,INBOUND_CHANNEL_PLACEHOLDER,APPLICATION_PLACEHOLDER,5th Annual StayClassy PB Pub Crawl,,Do Not Post,,Standard,,TRIBUTE PLACE HOLDER,,ORGANIZATION PLACE HOLDER,
SHC Account,,,,,,,,,,,,,,jpompe@classy.org,0.00,01/26/2017,payment,,INBOUND_CHANNEL_PLACEHOLDER,APPLICATION_PLACEHOLDER,"Hunter's Fight Duathlon/Triathlon Sponsored by RuckPack and 4GR8 TEES      ",,Do Not Post,,Standard,,TRIBUTE PLACE HOLDER,,ORGANIZATION PLACE HOLDER,
SHC Account,,,,,,,,,,,,,,jpompe@classy.org,0.00,01/26/2017,payment,,INBOUND_CHANNEL_PLACEHOLDER,APPLICATION_PLACEHOLDER,2nd Annual National Kickball Championship Presented by VAVi Sport & Social Club ,,Do Not Post,,Standard,,TRIBUTE PLACE HOLDER,,ORGANIZATION PLACE HOLDER,
SHC Account,,,,,,,,,,,,,,jpompe@classy.org,0.00,01/26/2017,payment,,INBOUND_CHANNEL_PLACEHOLDER,APPLICATION_PLACEHOLDER,Stay Classy Tailgate,,Do Not Post,,Standard,,TRIBUTE PLACE HOLDER,,ORGANIZATION PLACE HOLDER,
SHC Account,,,,,,,,,,,,,,jpompe@classy.org,0.00,01/26/2017,payment,,INBOUND_CHANNEL_PLACEHOLDER,APPLICATION_PLACEHOLDER,"Hunter's Fight Duathlon/Triathlon Sponsored by RuckPack and 4GR8 TEES      ",,Do Not Post,,Standard,,TRIBUTE PLACE HOLDER,,ORGANIZATION PLACE HOLDER,
SHC Account,,,,,,,,,,,,,,jpompe@classy.org,0.00,01/26/2017,payment,,INBOUND_CHANNEL_PLACEHOLDER,APPLICATION_PLACEHOLDER,"Hunter's Fight Duathlon/Triathlon Sponsored by RuckPack and 4GR8 TEES      ",,Do Not Post,,Standard,,TRIBUTE PLACE HOLDER,,ORGANIZATION PLACE HOLDER,
SHC Account,,,,,,,,,,,,,,jpompe@classy.org,0.00,01/26/2017,payment,,INBOUND_CHANNEL_PLACEHOLDER,APPLICATION_PLACEHOLDER,Rock and Roll Happy Time,,Do Not Post,,Standard,,TRIBUTE PLACE HOLDER,,ORGANIZATION PLACE HOLDER,
SHC Account,,,,,,,,,,,,,,jpompe@classy.org,0.00,01/26/2017,payment,,INBOUND_CHANNEL_PLACEHOLDER,APPLICATION_PLACEHOLDER,5th Annual StayClassy PB Pub Crawl,,Do Not Post,,Standard,,TRIBUTE PLACE HOLDER,,ORGANIZATION PLACE HOLDER,
SHC Account,,,,,,,,,,,,,,jpompe@classy.org,0.00,01/26/2017,payment,,INBOUND_CHANNEL_PLACEHOLDER,APPLICATION_PLACEHOLDER,"Hunter's Fight Duathlon/Triathlon Sponsored by RuckPack and 4GR8 TEES      ",,Do Not Post,,Standard,,TRIBUTE PLACE HOLDER,,ORGANIZATION PLACE HOLDER,
SHC Account,,,,,,,,,,,,,,jpompe@classy.org,0.00,01/26/2017,payment,,INBOUND_CHANNEL_PLACEHOLDER,APPLICATION_PLACEHOLDER,"Hunter's Fight Duathlon/Triathlon Sponsored by RuckPack and 4GR8 TEES      ",,Do Not Post,,Standard,,TRIBUTE PLACE HOLDER,,ORGANIZATION PLACE HOLDER,
SHC Account,,,,,,,,,,,,,,jpompe@classy.org,0.00,01/26/2017,payment,,INBOUND_CHANNEL_PLACEHOLDER,APPLICATION_PLACEHOLDER,"Hunter's Fight Duathlon/Triathlon Sponsored by RuckPack and 4GR8 TEES      ",,Do Not Post,,Standard,,TRIBUTE PLACE HOLDER,,ORGANIZATION PLACE HOLDER,
SHC Account,,,,,,,,,,,,,,jpompe@classy.org,0.00,01/26/2017,payment,,INBOUND_CHANNEL_PLACEHOLDER,APPLICATION_PLACEHOLDER,Hunters Fight Duathlon/Triathlon Sponsored by RuckPack and 4GR8 TEES         ,,Do Not Post,,Standard,,TRIBUTE PLACE HOLDER,,ORGANIZATION PLACE HOLDER,
SHC Account,,,,,,,,,,,,,,jpompe@classy.org,0.00,01/26/2017,payment,,INBOUND_CHANNEL_PLACEHOLDER,APPLICATION_PLACEHOLDER,Stay Classy Tailgate,,Do Not Post,,Standard,,TRIBUTE PLACE HOLDER,,ORGANIZATION PLACE HOLDER,
SHC Account,,,,,,,,,,,,,,jpompe@classy.org,0.00,01/26/2017,payment,,INBOUND_CHANNEL_PLACEHOLDER,APPLICATION_PLACEHOLDER,Hunters Fight Duathlon/Triathlon Sponsored by RuckPack and 4GR8 TEES         ,,Do Not Post,,Standard,,TRIBUTE PLACE HOLDER,,ORGANIZATION PLACE HOLDER,
SHC Account,,,,,,,,,,,,,,jpompe@classy.org,0.00,01/26/2017,payment,,INBOUND_CHANNEL_PLACEHOLDER,APPLICATION_PLACEHOLDER,Rock and Roll Happy Time,,Do Not Post,,Standard,,TRIBUTE PLACE HOLDER,,ORGANIZATION PLACE HOLDER,
SHC Account,,,,,,,,,,,,,,jpompe@classy.org,0.00,01/26/2017,payment,,INBOUND_CHANNEL_PLACEHOLDER,APPLICATION_PLACEHOLDER,Stay Classy Tailgate,,Do Not Post,,Standard,,TRIBUTE PLACE HOLDER,,ORGANIZATION PLACE HOLDER,
SHC Account,,,,,,,,,,,,,,jpompe@classy.org,0.00,01/26/2017,payment,,INBOUND_CHANNEL_PLACEHOLDER,APPLICATION_PLACEHOLDER,Hunters Fight Duathlon/Triathlon Sponsored by RuckPack and 4GR8 TEES         ,,Do Not Post,,Standard,,TRIBUTE PLACE HOLDER,,ORGANIZATION PLACE HOLDER,
SHC Account,,,,,,,,,,,,,,jpompe@classy.org,0.00,01/26/2017,payment,,INBOUND_CHANNEL_PLACEHOLDER,APPLICATION_PLACEHOLDER,Rock and Roll Happy Time,,Do Not Post,,Standard,,TRIBUTE PLACE HOLDER,,ORGANIZATION PLACE HOLDER,
SHC Account,,,,,,,,,,,,,,jpompe@classy.org,0.00,01/26/2017,payment,,INBOUND_CHANNEL_PLACEHOLDER,APPLICATION_PLACEHOLDER,2nd Annual National Kickball Championship Presented by VAVi Sport & Social Club ,,Do Not Post,,Standard,,TRIBUTE PLACE HOLDER,,ORGANIZATION PLACE HOLDER,
SHC Account,,,,,,,,,,,,,,jpompe@classy.org,0.00,01/26/2017,payment,,INBOUND_CHANNEL_PLACEHOLDER,APPLICATION_PLACEHOLDER,Rock and Roll Happy Time,,Do Not Post,,Standard,,TRIBUTE PLACE HOLDER,,ORGANIZATION PLACE HOLDER,
SHC Account,,,,,,,,,,,,,,jpompe@classy.org,0.00,01/26/2017,payment,,INBOUND_CHANNEL_PLACEHOLDER,APPLICATION_PLACEHOLDER,Hunters Fight Duathlon/Triathlon Sponsored by RuckPack and 4GR8 TEES         ,,Do Not Post,,Standard,,TRIBUTE PLACE HOLDER,,ORGANIZATION PLACE HOLDER,
SHC Account,,,,,,,,,,,,,,jpompe@classy.org,0.00,01/26/2017,payment,,INBOUND_CHANNEL_PLACEHOLDER,APPLICATION_PLACEHOLDER,2nd Annual National Kickball Championship Presented by VAVi Sport & Social Club ,,Do Not Post,,Standard,,TRIBUTE PLACE HOLDER,,ORGANIZATION PLACE HOLDER,
SHC Account,,,,,,,,,,,,,,jpompe@classy.org,0.00,01/26/2017,payment,,INBOUND_CHANNEL_PLACEHOLDER,APPLICATION_PLACEHOLDER,Rock and Roll Happy Time,,Do Not Post,,Standard,,TRIBUTE PLACE HOLDER,,ORGANIZATION PLACE HOLDER,
SHC Account,,,,,,,,,,,,,,jpompe@classy.org,0.00,01/26/2017,payment,,INBOUND_CHANNEL_PLACEHOLDER,APPLICATION_PLACEHOLDER,"Hunter's Fight Duathlon/Triathlon Sponsored by RuckPack and 4GR8 TEES      ",,Do Not Post,,Standard,,TRIBUTE PLACE HOLDER,,ORGANIZATION PLACE HOLDER,
SHC Account,,,,,,,,,,,,,,jpompe@classy.org,0.00,01/26/2017,payment,,INBOUND_CHANNEL_PLACEHOLDER,APPLICATION_PLACEHOLDER,Rock and Roll Happy Time,,Do Not Post,,Standard,,TRIBUTE PLACE HOLDER,,ORGANIZATION PLACE HOLDER,
SHC Account,,,,,,,,,,,,,,jpompe@classy.org,0.00,01/26/2017,payment,,INBOUND_CHANNEL_PLACEHOLDER,APPLICATION_PLACEHOLDER,Rock and Roll Happy Time,,Do Not Post,,Standard,,TRIBUTE PLACE HOLDER,,ORGANIZATION PLACE HOLDER,
SHC Account,,,,,,,,,,,,,,jpompe@classy.org,0.00,01/26/2017,payment,,INBOUND_CHANNEL_PLACEHOLDER,APPLICATION_PLACEHOLDER,Hunters Fight Duathlon/Triathlon Sponsored by RuckPack and 4GR8 TEES         ,,Do Not Post,,Standard,,TRIBUTE PLACE HOLDER,,ORGANIZATION PLACE HOLDER,
SHC Account,,,,,,,,,,,,,,jpompe@classy.org,0.00,01/26/2017,payment,,INBOUND_CHANNEL_PLACEHOLDER,APPLICATION_PLACEHOLDER,Hunters Fight Duathlon/Triathlon Sponsored by RuckPack and 4GR8 TEES         ,,Do Not Post,,Standard,,TRIBUTE PLACE HOLDER,,ORGANIZATION PLACE HOLDER,
SHC Account,,,,,,,,,,,,,,jpompe@classy.org,0.00,01/26/2017,payment,,INBOUND_CHANNEL_PLACEHOLDER,APPLICATION_PLACEHOLDER,Hunters Fight Duathlon/Triathlon Sponsored by RuckPack and 4GR8 TEES         ,,Do Not Post,,Standard,,TRIBUTE PLACE HOLDER,,ORGANIZATION PLACE HOLDER,
SHC Account,,,,,,,,,,,,,,jpompe@classy.org,0.00,01/26/2017,payment,,INBOUND_CHANNEL_PLACEHOLDER,APPLICATION_PLACEHOLDER,Stay Classy Tailgate,,Do Not Post,,Standard,,TRIBUTE PLACE HOLDER,,ORGANIZATION PLACE HOLDER,
SHC Account,,,,,,,,,,,,,,jpompe@classy.org,0.00,01/26/2017,payment,,INBOUND_CHANNEL_PLACEHOLDER,APPLICATION_PLACEHOLDER,Stay Classy Tailgate,,Do Not Post,,Standard,,TRIBUTE PLACE HOLDER,,ORGANIZATION PLACE HOLDER,
SHC Account,,,,,,,,,,,,,,jpompe@classy.org,0.00,01/26/2017,payment,,INBOUND_CHANNEL_PLACEHOLDER,APPLICATION_PLACEHOLDER,Rock and Roll Happy Time,,Do Not Post,,Standard,,TRIBUTE PLACE HOLDER,,ORGANIZATION PLACE HOLDER,
SHC Account,,,,,,,,,,,,,,jpompe@classy.org,0.00,01/26/2017,payment,,INBOUND_CHANNEL_PLACEHOLDER,APPLICATION_PLACEHOLDER,"Hunter's Fight Duathlon/Triathlon Sponsored by RuckPack and 4GR8 TEES      ",,Do Not Post,,Standard,,TRIBUTE PLACE HOLDER,,ORGANIZATION PLACE HOLDER,
SHC Account,,,,,,,,,,,,,,jpompe@classy.org,0.00,01/26/2017,payment,,INBOUND_CHANNEL_PLACEHOLDER,APPLICATION_PLACEHOLDER,5th Annual StayClassy PB Pub Crawl,,Do Not Post,,Standard,,TRIBUTE PLACE HOLDER,,ORGANIZATION PLACE HOLDER,
SHC Account,,,,,,,,,,,,,,jpompe@classy.org,0.00,01/26/2017,payment,,INBOUND_CHANNEL_PLACEHOLDER,APPLICATION_PLACEHOLDER,"Hunter's Fight Duathlon/Triathlon Sponsored by RuckPack and 4GR8 TEES      ",,Do Not Post,,Standard,,TRIBUTE PLACE HOLDER,,ORGANIZATION PLACE HOLDER,
SHC Account,,,,,,,,,,,,,,jpompe@classy.org,0.00,01/26/2017,payment,,INBOUND_CHANNEL_PLACEHOLDER,APPLICATION_PLACEHOLDER,"Hunter's Fight Duathlon/Triathlon Sponsored by RuckPack and 4GR8 TEES      ",,Do Not Post,,Standard,,TRIBUTE PLACE HOLDER,,ORGANIZATION PLACE HOLDER,
SHC Account,,,,,,,,,,,,,,jpompe@classy.org,0.00,01/26/2017,payment,,INBOUND_CHANNEL_PLACEHOLDER,APPLICATION_PLACEHOLDER,2nd Annual National Kickball Championship Presented by VAVi Sport & Social Club ,,Do Not Post,,Standard,,TRIBUTE PLACE HOLDER,,ORGANIZATION PLACE HOLDER,
SHC Account,,,,,,,,,,,,,,jpompe@classy.org,0.00,01/26/2017,payment,,INBOUND_CHANNEL_PLACEHOLDER,APPLICATION_PLACEHOLDER,Stay Classy Tailgate,,Do Not Post,,Standard,,TRIBUTE PLACE HOLDER,,ORGANIZATION PLACE HOLDER,
SHC Account,,,,,,,,,,,,,,jpompe@classy.org,0.00,01/26/2017,payment,,INBOUND_CHANNEL_PLACEHOLDER,APPLICATION_PLACEHOLDER,2nd Annual National Kickball Championship Presented by VAVi Sport & Social Club ,,Do Not Post,,Standard,,TRIBUTE PLACE HOLDER,,ORGANIZATION PLACE HOLDER,
SHC Account,,,,,,,,,,,,,,jpompe@classy.org,0.00,01/26/2017,payment,,INBOUND_CHANNEL_PLACEHOLDER,APPLICATION_PLACEHOLDER,Hunters Fight Duathlon/Triathlon Sponsored by RuckPack and 4GR8 TEES         ,,Do Not Post,,Standard,,TRIBUTE PLACE HOLDER,,ORGANIZATION PLACE HOLDER,
SHC Account,,,,,,,,,,,,,,jpompe@classy.org,0.00,01/26/2017,payment,,INBOUND_CHANNEL_PLACEHOLDER,APPLICATION_PLACEHOLDER,"Hunter's Fight Duathlon/Triathlon Sponsored by RuckPack and 4GR8 TEES      ",,Do Not Post,,Standard,,TRIBUTE PLACE HOLDER,,ORGANIZATION PLACE HOLDER,
SHC Account,,,,,,,,,,,,,,jpompe@classy.org,0.00,01/26/2017,payment,,INBOUND_CHANNEL_PLACEHOLDER,APPLICATION_PLACEHOLDER,Rock and Roll Happy Time,,Do Not Post,,Standard,,TRIBUTE PLACE HOLDER,,ORGANIZATION PLACE HOLDER,
SHC Account,,,,,,,,,,,,,,jpompe@classy.org,0.00,01/26/2017,payment,,INBOUND_CHANNEL_PLACEHOLDER,APPLICATION_PLACEHOLDER,Hunters Fight Duathlon/Triathlon Sponsored by RuckPack and 4GR8 TEES         ,,Do Not Post,,Standard,,TRIBUTE PLACE HOLDER,,ORGANIZATION PLACE HOLDER,
SHC Account,,,,,,,,,,,,,,jpompe@classy.org,0.00,01/26/2017,payment,,INBOUND_CHANNEL_PLACEHOLDER,APPLICATION_PLACEHOLDER,2nd Annual National Kickball Championship Presented by VAVi Sport & Social Club ,,Do Not Post,,Standard,,TRIBUTE PLACE HOLDER,,ORGANIZATION PLACE HOLDER,
SHC Account,,,,,,,,,,,,,,jpompe@classy.org,0.00,01/26/2017,payment,,INBOUND_CHANNEL_PLACEHOLDER,APPLICATION_PLACEHOLDER,Stay Classy Tailgate,,Do Not Post,,Standard,,TRIBUTE PLACE HOLDER,,ORGANIZATION PLACE HOLDER,
SHC Account,,,,,,,,,,,,,,jpompe@classy.org,0.00,01/26/2017,payment,,INBOUND_CHANNEL_PLACEHOLDER,APPLICATION_PLACEHOLDER,Rock and Roll Happy Time,,Do Not Post,,Standard,,TRIBUTE PLACE HOLDER,,ORGANIZATION PLACE HOLDER,
SHC Account,,,,,,,,,,,,,,jpompe@classy.org,0.00,01/26/2017,payment,,INBOUND_CHANNEL_PLACEHOLDER,APPLICATION_PLACEHOLDER,Hunters Fight Duathlon/Triathlon Sponsored by RuckPack and 4GR8 TEES         ,,Do Not Post,,Standard,,TRIBUTE PLACE HOLDER,,ORGANIZATION PLACE HOLDER,
SHC Account,,,,,,,,,,,,,,jpompe@classy.org,0.00,01/26/2017,payment,,INBOUND_CHANNEL_PLACEHOLDER,APPLICATION_PLACEHOLDER,2nd Annual National Kickball Championship Presented by VAVi Sport & Social Club ,,Do Not Post,,Standard,,TRIBUTE PLACE HOLDER,,ORGANIZATION PLACE HOLDER,
SHC Account,,,,,,,,,,,,,,jpompe@classy.org,0.00,01/26/2017,payment,,INBOUND_CHANNEL_PLACEHOLDER,APPLICATION_PLACEHOLDER,Rock and Roll Happy Time,,Do Not Post,,Standard,,TRIBUTE PLACE HOLDER,,ORGANIZATION PLACE HOLDER,
SHC Account,,,,,,,,,,,,,,jpompe@classy.org,0.00,01/26/2017,payment,,INBOUND_CHANNEL_PLACEHOLDER,APPLICATION_PLACEHOLDER,"Hunter's Fight Duathlon/Triathlon Sponsored by RuckPack and 4GR8 TEES      ",,Do Not Post,,Standard,,TRIBUTE PLACE HOLDER,,ORGANIZATION PLACE HOLDER,
SHC Account,,,,,,,,,,,,,,jpompe@classy.org,0.00,01/26/2017,payment,,INBOUND_CHANNEL_PLACEHOLDER,APPLICATION_PLACEHOLDER,2nd Annual National Kickball Championship Presented by VAVi Sport & Social Club ,,Do Not Post,,Standard,,TRIBUTE PLACE HOLDER,,ORGANIZATION PLACE HOLDER,
SHC Account,,,,,,,,,,,,,,jpompe@classy.org,0.00,01/26/2017,payment,,INBOUND_CHANNEL_PLACEHOLDER,APPLICATION_PLACEHOLDER,Hunters Fight Duathlon/Triathlon Sponsored by RuckPack and 4GR8 TEES         ,,Do Not Post,,Standard,,TRIBUTE PLACE HOLDER,,ORGANIZATION PLACE HOLDER,
SHC Account,,,,,,,,,,,,,,jpompe@classy.org,0.00,01/26/2017,payment,,INBOUND_CHANNEL_PLACEHOLDER,APPLICATION_PLACEHOLDER,5th Annual StayClassy PB Pub Crawl,,Do Not Post,,Standard,,TRIBUTE PLACE HOLDER,,ORGANIZATION PLACE HOLDER,
SHC Account,,, sdhdsgfsaj  fjkdhkgfdg ,sdhdsgfsaj,,,,,,,,US,,,10.00,01/26/2017,payment,,INBOUND_CHANNEL_PLACEHOLDER,APPLICATION_PLACEHOLDER,amany_CF_18/09,,Do Not Post,,Standard,,TRIBUTE PLACE HOLDER,,ORGANIZATION PLACE HOLDER,
SHC Account,,,,,,,,,,,,,,jpompe@classy.org,0.00,01/26/2017,payment,,INBOUND_CHANNEL_PLACEHOLDER,APPLICATION_PLACEHOLDER,5th Annual StayClassy PB Pub Crawl,,Do Not Post,,Standard,,TRIBUTE PLACE HOLDER,,ORGANIZATION PLACE HOLDER,
SHC Account,,,,,,,,,,,,,,jpompe@classy.org,0.00,01/26/2017,payment,,INBOUND_CHANNEL_PLACEHOLDER,APPLICATION_PLACEHOLDER,5th Annual StayClassy PB Pub Crawl,,Do Not Post,,Standard,,TRIBUTE PLACE HOLDER,,ORGANIZATION PLACE HOLDER,
SHC Account,,,,,,,,,,,,,,jpompe@classy.org,0.00,01/26/2017,payment,,INBOUND_CHANNEL_PLACEHOLDER,APPLICATION_PLACEHOLDER,2nd Annual National Kickball Championship Presented by VAVi Sport & Social Club ,,Do Not Post,,Standard,,TRIBUTE PLACE HOLDER,,ORGANIZATION PLACE HOLDER,
SHC Account,,, test  donor ,test,,,,tyuttyywtywty ,CA,AK,3144,US,12321424,integrantqa+testdonor@classy.org,19.60,01/26/2017,payment,,INBOUND_CHANNEL_PLACEHOLDER,APPLICATION_PLACEHOLDER,amany_CF_18/09,,Do Not Post,,Memory,donor,TRIBUTE PLACE HOLDER,,ORGANIZATION PLACE HOLDER,
SHC Account,,,,,,,,,,,,,,jpompe@classy.org,0.00,01/26/2017,payment,,INBOUND_CHANNEL_PLACEHOLDER,APPLICATION_PLACEHOLDER,2nd Annual National Kickball Championship Presented by VAVi Sport & Social Club ,,Do Not Post,,Standard,,TRIBUTE PLACE HOLDER,,ORGANIZATION PLACE HOLDER,
SHC Account,,,,,,,,,,,,,,jpompe@classy.org,0.00,01/26/2017,payment,,INBOUND_CHANNEL_PLACEHOLDER,APPLICATION_PLACEHOLDER,2nd Annual National Kickball Championship Presented by VAVi Sport & Social Club ,,Do Not Post,,Standard,,TRIBUTE PLACE HOLDER,,ORGANIZATION PLACE HOLDER,
SHC Account,,,,,,,,,,,,,,jpompe@classy.org,0.00,01/26/2017,payment,,INBOUND_CHANNEL_PLACEHOLDER,APPLICATION_PLACEHOLDER,5th Annual StayClassy PB Pub Crawl,,Do Not Post,,Standard,,TRIBUTE PLACE HOLDER,,ORGANIZATION PLACE HOLDER,
SHC Account,,,,,,,,,,,,,,jpompe@classy.org,0.00,01/26/2017,payment,,INBOUND_CHANNEL_PLACEHOLDER,APPLICATION_PLACEHOLDER,"Hunter's Fight Duathlon/Triathlon Sponsored by RuckPack and 4GR8 TEES      ",,Do Not Post,,Standard,,TRIBUTE PLACE HOLDER,,ORGANIZATION PLACE HOLDER,
SHC Account,,,,,,,,,,,,,,jpompe@classy.org,0.00,01/26/2017,payment,,INBOUND_CHANNEL_PLACEHOLDER,APPLICATION_PLACEHOLDER,"Hunter's Fight Duathlon/Triathlon Sponsored by RuckPack and 4GR8 TEES      ",,Do Not Post,,Standard,,TRIBUTE PLACE HOLDER,,ORGANIZATION PLACE HOLDER,
SHC Account,,,,,,,,,,,,,,jpompe@classy.org,0.00,01/26/2017,payment,,INBOUND_CHANNEL_PLACEHOLDER,APPLICATION_PLACEHOLDER,Hunters Fight Duathlon/Triathlon Sponsored by RuckPack and 4GR8 TEES         ,,Do Not Post,,Standard,,TRIBUTE PLACE HOLDER,,ORGANIZATION PLACE HOLDER,
SHC Account,,,,,,,,,,,,,,jpompe@classy.org,0.00,01/26/2017,payment,,INBOUND_CHANNEL_PLACEHOLDER,APPLICATION_PLACEHOLDER,2nd Annual National Kickball Championship Presented by VAVi Sport & Social Club ,,Do Not Post,,Standard,,TRIBUTE PLACE HOLDER,,ORGANIZATION PLACE HOLDER,
SHC Account,,,,,,,,,,,,,,jpompe@classy.org,0.00,01/26/2017,payment,,INBOUND_CHANNEL_PLACEHOLDER,APPLICATION_PLACEHOLDER,Hunters Fight Duathlon/Triathlon Sponsored by RuckPack and 4GR8 TEES         ,,Do Not Post,,Standard,,TRIBUTE PLACE HOLDER,,ORGANIZATION PLACE HOLDER,
SHC Account,,,,,,,,,,,,,,jpompe@classy.org,0.00,01/26/2017,payment,,INBOUND_CHANNEL_PLACEHOLDER,APPLICATION_PLACEHOLDER,Hunters Fight Duathlon/Triathlon Sponsored by RuckPack and 4GR8 TEES         ,,Do Not Post,,Standard,,TRIBUTE PLACE HOLDER,,ORGANIZATION PLACE HOLDER,
SHC Account,,,,,,,,,,,,,,jpompe@classy.org,0.00,01/26/2017,payment,,INBOUND_CHANNEL_PLACEHOLDER,APPLICATION_PLACEHOLDER,"Hunter's Fight Duathlon/Triathlon Sponsored by RuckPack and 4GR8 TEES      ",,Do Not Post,,Standard,,TRIBUTE PLACE HOLDER,,ORGANIZATION PLACE HOLDER,
SHC Account,,,,,,,,,,,,,,jpompe@classy.org,0.00,01/26/2017,payment,,INBOUND_CHANNEL_PLACEHOLDER,APPLICATION_PLACEHOLDER,2nd Annual National Kickball Championship Presented by VAVi Sport & Social Club ,,Do Not Post,,Standard,,TRIBUTE PLACE HOLDER,,ORGANIZATION PLACE HOLDER,
SHC Account,,,,,,,,,,,,,,jpompe@classy.org,0.00,01/26/2017,payment,,INBOUND_CHANNEL_PLACEHOLDER,APPLICATION_PLACEHOLDER,5th Annual StayClassy PB Pub Crawl,,Do Not Post,,Standard,,TRIBUTE PLACE HOLDER,,ORGANIZATION PLACE HOLDER,
SHC Account,,,,,,,,,,,,,,jpompe@classy.org,0.00,01/26/2017,payment,,INBOUND_CHANNEL_PLACEHOLDER,APPLICATION_PLACEHOLDER,2nd Annual National Kickball Championship Presented by VAVi Sport & Social Club ,,Do Not Post,,Standard,,TRIBUTE PLACE HOLDER,,ORGANIZATION PLACE HOLDER,
SHC Account,,,,,,,,,,,,,,jpompe@classy.org,0.00,01/26/2017,payment,,INBOUND_CHANNEL_PLACEHOLDER,APPLICATION_PLACEHOLDER,Hunters Fight Duathlon/Triathlon Sponsored by RuckPack and 4GR8 TEES         ,,Do Not Post,,Standard,,TRIBUTE PLACE HOLDER,,ORGANIZATION PLACE HOLDER,
SHC Account,,,,,,,,,,,,,,jpompe@classy.org,0.00,01/26/2017,payment,,INBOUND_CHANNEL_PLACEHOLDER,APPLICATION_PLACEHOLDER,2nd Annual National Kickball Championship Presented by VAVi Sport & Social Club ,,Do Not Post,,Standard,,TRIBUTE PLACE HOLDER,,ORGANIZATION PLACE HOLDER,
SHC Account,,,,,,,,,,,,,,jpompe@classy.org,0.00,01/26/2017,payment,,INBOUND_CHANNEL_PLACEHOLDER,APPLICATION_PLACEHOLDER,"Hunter's Fight Duathlon/Triathlon Sponsored by RuckPack and 4GR8 TEES      ",,Do Not Post,,Standard,,TRIBUTE PLACE HOLDER,,ORGANIZATION PLACE HOLDER,
SHC Account,,,,,,,,,,,,,,jpompe@classy.org,0.00,01/26/2017,payment,,INBOUND_CHANNEL_PLACEHOLDER,APPLICATION_PLACEHOLDER,5th Annual StayClassy PB Pub Crawl,,Do Not Post,,Standard,,TRIBUTE PLACE HOLDER,,ORGANIZATION PLACE HOLDER,
SHC Account,,,,,,,,,,,,,,jpompe@classy.org,0.00,01/26/2017,payment,,INBOUND_CHANNEL_PLACEHOLDER,APPLICATION_PLACEHOLDER,5th Annual StayClassy PB Pub Crawl,,Do Not Post,,Standard,,TRIBUTE PLACE HOLDER,,ORGANIZATION PLACE HOLDER,
SHC Account,,,,,,,,,,,,,,jpompe@classy.org,0.00,01/26/2017,payment,,INBOUND_CHANNEL_PLACEHOLDER,APPLICATION_PLACEHOLDER,"Hunter's Fight Duathlon/Triathlon Sponsored by RuckPack and 4GR8 TEES      ",,Do Not Post,,Standard,,TRIBUTE PLACE HOLDER,,ORGANIZATION PLACE HOLDER,
SHC Account,,,,,,,,,,,,,,jpompe@classy.org,0.00,01/26/2017,payment,,INBOUND_CHANNEL_PLACEHOLDER,APPLICATION_PLACEHOLDER,"Hunter's Fight Duathlon/Triathlon Sponsored by RuckPack and 4GR8 TEES      ",,Do Not Post,,Standard,,TRIBUTE PLACE HOLDER,,ORGANIZATION PLACE HOLDER,
SHC Account,,,,,,,,,,,,,,jpompe@classy.org,0.00,01/26/2017,payment,,INBOUND_CHANNEL_PLACEHOLDER,APPLICATION_PLACEHOLDER,Rock and Roll Happy Time,,Do Not Post,,Standard,,TRIBUTE PLACE HOLDER,,ORGANIZATION PLACE HOLDER,
SHC Account,,,,,,,,,,,,,,jpompe@classy.org,0.00,01/26/2017,payment,,INBOUND_CHANNEL_PLACEHOLDER,APPLICATION_PLACEHOLDER,5th Annual StayClassy PB Pub Crawl,,Do Not Post,,Standard,,TRIBUTE PLACE HOLDER,,ORGANIZATION PLACE HOLDER,
SHC Account,,,,,,,,,,,,,,jpompe@classy.org,0.00,01/26/2017,payment,,INBOUND_CHANNEL_PLACEHOLDER,APPLICATION_PLACEHOLDER,Rock and Roll Happy Time,,Do Not Post,,Standard,,TRIBUTE PLACE HOLDER,,ORGANIZATION PLACE HOLDER,
SHC Account,,,,,,,,,,,,,,jpompe@classy.org,0.00,01/26/2017,payment,,INBOUND_CHANNEL_PLACEHOLDER,APPLICATION_PLACEHOLDER,5th Annual StayClassy PB Pub Crawl,,Do Not Post,,Standard,,TRIBUTE PLACE HOLDER,,ORGANIZATION PLACE HOLDER,
SHC Account,,,,,,,,,,,,,,jpompe@classy.org,0.00,01/26/2017,payment,,INBOUND_CHANNEL_PLACEHOLDER,APPLICATION_PLACEHOLDER,Stay Classy Tailgate,,Do Not Post,,Standard,,TRIBUTE PLACE HOLDER,,ORGANIZATION PLACE HOLDER,
SHC Account,,,,,,,,,,,,,,jpompe@classy.org,0.00,01/26/2017,payment,,INBOUND_CHANNEL_PLACEHOLDER,APPLICATION_PLACEHOLDER,2nd Annual National Kickball Championship Presented by VAVi Sport & Social Club ,,Do Not Post,,Standard,,TRIBUTE PLACE HOLDER,,ORGANIZATION PLACE HOLDER,
SHC Account,,,,,,,,,,,,,,jpompe@classy.org,0.00,01/26/2017,payment,,INBOUND_CHANNEL_PLACEHOLDER,APPLICATION_PLACEHOLDER,2nd Annual National Kickball Championship Presented by VAVi Sport & Social Club ,,Do Not Post,,Standard,,TRIBUTE PLACE HOLDER,,ORGANIZATION PLACE HOLDER,
SHC Account,,,,,,,,,,,,,,jpompe@classy.org,0.00,01/26/2017,payment,,INBOUND_CHANNEL_PLACEHOLDER,APPLICATION_PLACEHOLDER,Hunters Fight Duathlon/Triathlon Sponsored by RuckPack and 4GR8 TEES         ,,Do Not Post,,Standard,,TRIBUTE PLACE HOLDER,,ORGANIZATION PLACE HOLDER,
SHC Account,,,,,,,,,,,,,,jpompe@classy.org,0.00,01/26/2017,payment,,INBOUND_CHANNEL_PLACEHOLDER,APPLICATION_PLACEHOLDER,2nd Annual National Kickball Championship Presented by VAVi Sport & Social Club ,,Do Not Post,,Standard,,TRIBUTE PLACE HOLDER,,ORGANIZATION PLACE HOLDER,
SHC Account,,,,,,,,,,,,,,jpompe@classy.org,0.00,01/26/2017,payment,,INBOUND_CHANNEL_PLACEHOLDER,APPLICATION_PLACEHOLDER,"Hunter's Fight Duathlon/Triathlon Sponsored by RuckPack and 4GR8 TEES      ",,Do Not Post,,Standard,,TRIBUTE PLACE HOLDER,,ORGANIZATION PLACE HOLDER,
SHC Account,,,,,,,,,,,,,,jpompe@classy.org,0.00,01/26/2017,payment,,INBOUND_CHANNEL_PLACEHOLDER,APPLICATION_PLACEHOLDER,Rock and Roll Happy Time,,Do Not Post,,Standard,,TRIBUTE PLACE HOLDER,,ORGANIZATION PLACE HOLDER,
SHC Account,,,,,,,,,,,,,,jpompe@classy.org,0.00,01/26/2017,payment,,INBOUND_CHANNEL_PLACEHOLDER,APPLICATION_PLACEHOLDER,Rock and Roll Happy Time,,Do Not Post,,Standard,,TRIBUTE PLACE HOLDER,,ORGANIZATION PLACE HOLDER,
SHC Account,,,,,,,,,,,,,,jpompe@classy.org,0.00,01/26/2017,payment,,INBOUND_CHANNEL_PLACEHOLDER,APPLICATION_PLACEHOLDER,Rock and Roll Happy Time,,Do Not Post,,Standard,,TRIBUTE PLACE HOLDER,,ORGANIZATION PLACE HOLDER,
SHC Account,,,,,,,,,,,,,,jpompe@classy.org,0.00,01/26/2017,payment,,INBOUND_CHANNEL_PLACEHOLDER,APPLICATION_PLACEHOLDER,Hunters Fight Duathlon/Triathlon Sponsored by RuckPack and 4GR8 TEES         ,,Do Not Post,,Standard,,TRIBUTE PLACE HOLDER,,ORGANIZATION PLACE HOLDER,
SHC Account,,,,,,,,,,,,,,jpompe@classy.org,0.00,01/26/2017,payment,,INBOUND_CHANNEL_PLACEHOLDER,APPLICATION_PLACEHOLDER,5th Annual StayClassy PB Pub Crawl,,Do Not Post,,Standard,,TRIBUTE PLACE HOLDER,,ORGANIZATION PLACE HOLDER,
SHC Account,,,,,,,,,,,,,,jpompe@classy.org,0.00,01/26/2017,payment,,INBOUND_CHANNEL_PLACEHOLDER,APPLICATION_PLACEHOLDER,Stay Classy Tailgate,,Do Not Post,,Standard,,TRIBUTE PLACE HOLDER,,ORGANIZATION PLACE HOLDER,
SHC Account,,,,,,,,,,,,,,jpompe@classy.org,0.00,01/26/2017,payment,,INBOUND_CHANNEL_PLACEHOLDER,APPLICATION_PLACEHOLDER,"Hunter's Fight Duathlon/Triathlon Sponsored by RuckPack and 4GR8 TEES      ",,Do Not Post,,Standard,,TRIBUTE PLACE HOLDER,,ORGANIZATION PLACE HOLDER,
SHC Account,,,,,,,,,,,,,,jpompe@classy.org,0.00,01/26/2017,payment,,INBOUND_CHANNEL_PLACEHOLDER,APPLICATION_PLACEHOLDER,Hunters Fight Duathlon/Triathlon Sponsored by RuckPack and 4GR8 TEES         ,,Do Not Post,,Standard,,TRIBUTE PLACE HOLDER,,ORGANIZATION PLACE HOLDER,